INSERT INTO `mycar`.`CarType` (`car_type_name`,`car_type_code`) VALUES ('승용','S')
INSERT INTO `mycar`.`CarType` (`car_type_name`,`car_type_code`) VALUES ('SUV','J')


INSERT INTO `mycar`.`Car` (`car_name`,`car_image_path`,`car_type_id`,`car_code`) VALUES ('더 뉴 아반떼','/images/car/CN12.png',1,'CN12')
INSERT INTO `mycar`.`Car` (`car_image_path`,`car_type_id`,`car_code`,`car_name`) VALUES ('/images/car/NX05.png',2,'NX05','투싼')


INSERT INTO `mycar`.`Engine` (`engine_code`,`engine_name`) VALUES ('R','가솔린 1.6')
INSERT INTO `mycar`.`Engine` (`engine_code`,`engine_name`) VALUES ('L','LPG 1.6')
INSERT INTO `mycar`.`Engine` (`engine_code`,`engine_name`) VALUES ('D','디젤')
INSERT INTO `mycar`.`Engine` (`engine_code`,`engine_name`) VALUES ('T','1.6 가솔린 터보')


INSERT INTO `mycar`.`Mission` (`mission_name`,`mission_code`) VALUES ('A/T','T')
INSERT INTO `mycar`.`Mission` (`mission_name`,`mission_code`) VALUES ('A/T','A,T')
INSERT INTO `mycar`.`Mission` (`mission_code`,`mission_name`) VALUES ('D,H','DCT')


INSERT INTO `mycar`.`Drive` (`drive_name`,`drive_code`) VALUES ('2WD','D,T')
INSERT INTO `mycar`.`Drive` (`drive_name`,`drive_code`) VALUES ('4WD','A,H')


INSERT INTO `mycar`.`Trim` (`trim_code`,`trim_name`) VALUES ('B','Smart')
INSERT INTO `mycar`.`Trim` (`trim_code`,`trim_name`) VALUES ('D','Modern')
INSERT INTO `mycar`.`Trim` (`trim_code`,`trim_name`) VALUES ('C','Premium')
INSERT INTO `mycar`.`Trim` (`trim_code`,`trim_name`) VALUES ('P','Inspiration')


INSERT INTO `mycar`.`CarEngine` (`car_id`,`engine_id`) VALUES (1,1)
INSERT INTO `mycar`.`CarEngine` (`car_id`,`engine_id`) VALUES (1,2)
INSERT INTO `mycar`.`CarEngine` (`car_id`,`engine_id`) VALUES (2,3)
INSERT INTO `mycar`.`CarEngine` (`engine_id`,`car_id`) VALUES (4,2)


INSERT INTO `mycar`.`CarMission` (`mission_id`,`car_id`) VALUES (1,1)
INSERT INTO `mycar`.`CarMission` (`car_id`,`mission_id`) VALUES (2,2)
INSERT INTO `mycar`.`CarMission` (`car_id`,`mission_id`) VALUES (2,3)


INSERT INTO `mycar`.`CarDrive` (`drive_id`,`car_id`) VALUES (1,2)
INSERT INTO `mycar`.`CarDrive` (`car_id`,`drive_id`) VALUES (2,2)


INSERT INTO `mycar`.`CarTrim` (`trim_id`,`car_id`) VALUES (1,1)
INSERT INTO `mycar`.`CarTrim` (`trim_id`,`car_id`) VALUES (2,1)
INSERT INTO `mycar`.`CarTrim` (`trim_id`,`car_id`) VALUES (4,1)
INSERT INTO `mycar`.`CarTrim` (`car_id`,`trim_id`) VALUES (2,2)
INSERT INTO `mycar`.`CarTrim` (`car_id`,`trim_id`) VALUES (2,3)
INSERT INTO `mycar`.`CarTrim` (`car_id`,`trim_id`) VALUES (2,4)


INSERT INTO `mycar`.`CarModel` (`trim_id`,`model_name`,`model_code`,`model_image_path`,`model_price`,`drive_id`,`car_id`,`mission_id`,`engine_id`) VALUES (1,'더 뉴 아반떼 가솔린 1.6 Smart A/T','CNJS4RBT3','/images/model/CN12-smart.png',19750000,null,1,1,1)
INSERT INTO `mycar`.`CarModel` (`model_image_path`,`model_price`,`mission_id`,`car_id`,`drive_id`,`model_code`,`engine_id`,`model_name`,`trim_id`) VALUES ('/images/model/CN12-modern.png',22730000,1,1,null,'CNJS4RDT3',1,'더 뉴 아반떼 가솔린 1.6 Modern A/T',2)
INSERT INTO `mycar`.`CarModel` (`mission_id`,`model_price`,`car_id`,`drive_id`,`model_name`,`model_code`,`trim_id`,`model_image_path`,`engine_id`) VALUES (1,26910000,1,null,'더 뉴 아반떼 가솔린 1.6 Inspiration A/T','CNJS4RGT3',4,'/images/model/CN12-inspiration.png',1)
INSERT INTO `mycar`.`CarModel` (`drive_id`,`model_code`,`mission_id`,`trim_id`,`model_image_path`,`model_price`,`car_id`,`model_name`,`engine_id`) VALUES (null,'CNJS4LBT3',1,1,'/images/model/CN12-smart.png',21150000,1,'더 뉴 아반떼 LPG 1.6 Smart A/T',2)
INSERT INTO `mycar`.`CarModel` (`model_name`,`model_image_path`,`drive_id`,`mission_id`,`trim_id`,`engine_id`,`model_code`,`car_id`,`model_price`) VALUES ('더 뉴 아반떼 LPG 1.6 Modern A/T','/images/model/CN12-modern.png',null,1,2,2,'CNJS4LDT3',1,24120000)
INSERT INTO `mycar`.`CarModel` (`car_id`,`mission_id`,`model_image_path`,`model_code`,`engine_id`,`model_name`,`drive_id`,`trim_id`,`model_price`) VALUES (1,1,'/images/model/CN12-inspiration.png','CNJS4LGT3',2,'더 뉴 아반떼 LPG 1.6 Inspiration A/T',null,4,28180000)
INSERT INTO `mycar`.`CarModel` (`engine_id`,`model_code`,`car_id`,`model_image_path`,`model_name`,`model_price`,`mission_id`,`drive_id`,`trim_id`) VALUES (3,'NXJJ5DDT2',2,'/images/model/NX05-modern.png','투싼 디젤 Modern 2WD A/T',28190000,2,1,2)
INSERT INTO `mycar`.`CarModel` (`model_price`,`car_id`,`model_image_path`,`model_code`,`engine_id`,`model_name`,`drive_id`,`mission_id`,`trim_id`) VALUES (31100000,2,'/images/model/NX05-premium.png','NXJJ5DCT2',3,'투싼 디젤 Premium 2WD A/T',1,2,3)
INSERT INTO `mycar`.`CarModel` (`model_name`,`model_image_path`,`drive_id`,`engine_id`,`model_code`,`model_price`,`mission_id`,`trim_id`,`car_id`) VALUES ('투싼 디젤 Inspiration 2WD A/T','/images/model/NX05-inspiration.png',1,3,'NXJJ5DPT2',34780000,2,4,2)
INSERT INTO `mycar`.`CarModel` (`drive_id`,`trim_id`,`mission_id`,`model_price`,`car_id`,`engine_id`,`model_image_path`,`model_code`,`model_name`) VALUES (2,2,2,30420000,2,3,'/images/model/NX05-modern.png','NXJJ5DDA2','투싼 디젤 Modern 4WD A/T')
INSERT INTO `mycar`.`CarModel` (`engine_id`,`car_id`,`trim_id`,`mission_id`,`drive_id`,`model_image_path`,`model_price`,`model_name`,`model_code`) VALUES (3,2,3,2,2,'/images/model/NX05-premium.png',33330000,'투싼 디젤 Premium 4WD A/T','NXJJ5DCA2')
INSERT INTO `mycar`.`CarModel` (`engine_id`,`mission_id`,`model_price`,`drive_id`,`model_code`,`model_image_path`,`model_name`,`trim_id`,`car_id`) VALUES (3,2,37010000,2,'NXJJ5DPA2','/images/model/NX05-inspiration.png','투싼 디젤 Inspiration 4WD A/T',4,2)
INSERT INTO `mycar`.`CarModel` (`drive_id`,`model_image_path`,`model_name`,`model_code`,`car_id`,`model_price`,`mission_id`,`trim_id`,`engine_id`) VALUES (1,'/images/model/NX05-modern.png','투싼 1.6 가솔린 터보 Modern 2WD DCT','NXJJ5TDD2',2,26030000,3,2,4)
INSERT INTO `mycar`.`CarModel` (`engine_id`,`model_name`,`car_id`,`model_code`,`mission_id`,`drive_id`,`trim_id`,`model_price`,`model_image_path`) VALUES (4,'투싼 1.6 가솔린 터보 Premium 2WD DCT',2,'NXJJ5TCD2',3,1,3,28940000,'/images/model/NX05-premium.png')
INSERT INTO `mycar`.`CarModel` (`trim_id`,`model_name`,`model_code`,`drive_id`,`mission_id`,`car_id`,`engine_id`,`model_price`,`model_image_path`) VALUES (4,'투싼 1.6 가솔린 터보 Inspiration 2WD DCT','NXJJ5TPD2',1,3,2,4,32620000,'/images/model/NX05-inspiration.png')
INSERT INTO `mycar`.`CarModel` (`engine_id`,`mission_id`,`car_id`,`drive_id`,`model_image_path`,`trim_id`,`model_code`,`model_price`,`model_name`) VALUES (4,3,2,2,'/images/model/NX05-modern.png',2,'NXJJ5TDH2',28010000,'투싼 1.6 가솔린 터보 Modern 4WD DCT')
INSERT INTO `mycar`.`CarModel` (`car_id`,`trim_id`,`mission_id`,`engine_id`,`drive_id`,`model_image_path`,`model_price`,`model_code`,`model_name`) VALUES (2,3,3,4,2,'/images/model/NX05-premium.png',30920000,'NXJJ5TCH2','투싼 1.6 가솔린 터보 Premium 4WD DCT')
INSERT INTO `mycar`.`CarModel` (`mission_id`,`model_code`,`car_id`,`model_image_path`,`trim_id`,`engine_id`,`model_name`,`drive_id`,`model_price`) VALUES (3,'NXJJ5TPH2',2,'/images/model/NX05-inspiration.png',4,4,'투싼 1.6 가솔린 터보 Inspiration 4WD DCT',2,34600000)


INSERT INTO `mycar`.`IntColor` (`int_color_code`,`int_color_name`,`int_color_image_path`,`car_id`) VALUES ('NNB','블랙모노톤','/images/interior-color/NNB.png',1)
INSERT INTO `mycar`.`IntColor` (`int_color_code`,`car_id`,`int_color_image_path`,`int_color_name`) VALUES ('SSS',1,'/images/interior-color/SSS.png','세이지그린')
INSERT INTO `mycar`.`IntColor` (`car_id`,`int_color_name`,`int_color_code`,`int_color_image_path`) VALUES (1,'캐쉬미어 베이지','VHC','/images/interior-color/VHC.png')
INSERT INTO `mycar`.`IntColor` (`car_id`,`int_color_image_path`,`int_color_code`,`int_color_name`) VALUES (2,'/images/interior-color/I34.png','I34','블랙모노톤')
INSERT INTO `mycar`.`IntColor` (`car_id`,`int_color_code`,`int_color_image_path`,`int_color_name`) VALUES (2,'I35','/images/interior-color/I35.png','블랙 모노톤(가죽 시트)')
INSERT INTO `mycar`.`IntColor` (`int_color_name`,`car_id`,`int_color_code`,`int_color_image_path`) VALUES ('블랙/그레이 투톤(그레이 가죽시트)',2,'I36','/images/interior-color/I36.png')
INSERT INTO `mycar`.`IntColor` (`int_color_code`,`int_color_name`,`car_id`,`int_color_image_path`) VALUES ('I37','네이비 원톤(인디고 모노톤)',2,'/images/interior-color/I37.png')
INSERT INTO `mycar`.`IntColor` (`int_color_image_path`,`int_color_code`,`car_id`,`int_color_name`) VALUES ('/images/interior-color/I38.png','I38',2,'블랙모노톤(레드스티치)')
INSERT INTO `mycar`.`IntColor` (`car_id`,`int_color_image_path`,`int_color_code`,`int_color_name`) VALUES (2,'/images/interior-color/PRF.png','PRF','블랙 / 브라운 투톤(브라운 가죽시트)')


INSERT INTO `mycar`.`ExtColor` (`ext_color_code`,`ext_color_image_path`,`car_id`,`ext_color_name`) VALUES ('A5G','/images/exterior-color/A5G.png',1,'아마존 그레이 메탈릭')
INSERT INTO `mycar`.`ExtColor` (`ext_color_name`,`ext_color_image_path`,`ext_color_code`,`car_id`) VALUES ('에코트로닉 그레이펄','/images/exterior-color/PE2.png','PE2',1)
INSERT INTO `mycar`.`ExtColor` (`ext_color_image_path`,`ext_color_name`,`car_id`,`ext_color_code`) VALUES ('/images/exterior-color/M6T.png','플루이드 그레이 메탈릭',1,'M6T')
INSERT INTO `mycar`.`ExtColor` (`ext_color_code`,`ext_color_name`,`car_id`,`ext_color_image_path`) VALUES ('PM2','메타블루펄',1,'/images/exterior-color/PM2.png')
INSERT INTO `mycar`.`ExtColor` (`ext_color_image_path`,`car_id`,`ext_color_name`,`ext_color_code`) VALUES ('/images/exterior-color/YP5.png',1,'인텐스 블루 펄','YP5')
INSERT INTO `mycar`.`ExtColor` (`car_id`,`ext_color_code`,`ext_color_image_path`,`ext_color_name`) VALUES (1,'SAW','/images/exterior-color/SAW.png','아틀라스 화이트')
INSERT INTO `mycar`.`ExtColor` (`ext_color_code`,`ext_color_name`,`ext_color_image_path`,`car_id`) VALUES ('R2P','얼티메이트 레드 메탈릭','/images/exterior-color/R2P.png',1)
INSERT INTO `mycar`.`ExtColor` (`car_id`,`ext_color_name`,`ext_color_image_path`,`ext_color_code`) VALUES (1,'어비스블랙펄','/images/exterior-color/A2B.png','A2B')
INSERT INTO `mycar`.`ExtColor` (`ext_color_name`,`car_id`,`ext_color_image_path`,`ext_color_code`) VALUES ('사이버 그레이 메탈릭',1,'/images/exterior-color/C5G.png','C5G')
INSERT INTO `mycar`.`ExtColor` (`car_id`,`ext_color_image_path`,`ext_color_code`,`ext_color_name`) VALUES (2,'/images/exterior-color/B6S.png','B6S','실키 브론즈 메탈릭')
INSERT INTO `mycar`.`ExtColor` (`ext_color_code`,`ext_color_image_path`,`car_id`,`ext_color_name`) VALUES ('R2T','/images/exterior-color/R2T.png',2,'쉬머링 실버 메탈릭')
INSERT INTO `mycar`.`ExtColor` (`ext_color_name`,`ext_color_image_path`,`car_id`,`ext_color_code`) VALUES ('크리미 화이트 펄','/images/exterior-color/TW3.png',2,'TW3')
INSERT INTO `mycar`.`ExtColor` (`ext_color_name`,`ext_color_code`,`ext_color_image_path`,`car_id`) VALUES ('아마존 그레이 메탈릭','A5G','/images/exterior-color/A5G.png',2)
INSERT INTO `mycar`.`ExtColor` (`ext_color_name`,`ext_color_image_path`,`ext_color_code`,`car_id`) VALUES ('티탄 그레이 메탈릭','/images/exterior-color/R4G.png','R4G',2)
INSERT INTO `mycar`.`ExtColor` (`ext_color_image_path`,`ext_color_code`,`ext_color_name`,`car_id`) VALUES ('/images/exterior-color/PS8.png','PS8','오션 인디고 펄',2)
INSERT INTO `mycar`.`ExtColor` (`ext_color_image_path`,`ext_color_name`,`car_id`,`ext_color_code`) VALUES ('/images/exterior-color/TCM.png','팬텀 블랙 펄',2,'TCM')
INSERT INTO `mycar`.`ExtColor` (`car_id`,`ext_color_code`,`ext_color_image_path`,`ext_color_name`) VALUES (2,'Y3G','/images/exterior-color/Y3G.png','티타늄 그레이 매트')


INSERT INTO `mycar`.`IntExtColor` (`ext_color_id`,`int_color_id`) VALUES (1,1)
INSERT INTO `mycar`.`IntExtColor` (`int_color_id`,`ext_color_id`) VALUES (1,2)
INSERT INTO `mycar`.`IntExtColor` (`ext_color_id`,`int_color_id`) VALUES (3,1)
INSERT INTO `mycar`.`IntExtColor` (`int_color_id`,`ext_color_id`) VALUES (1,4)
INSERT INTO `mycar`.`IntExtColor` (`ext_color_id`,`int_color_id`) VALUES (5,1)
INSERT INTO `mycar`.`IntExtColor` (`int_color_id`,`ext_color_id`) VALUES (1,6)
INSERT INTO `mycar`.`IntExtColor` (`ext_color_id`,`int_color_id`) VALUES (8,1)
INSERT INTO `mycar`.`IntExtColor` (`ext_color_id`,`int_color_id`) VALUES (9,1)
INSERT INTO `mycar`.`IntExtColor` (`int_color_id`,`ext_color_id`) VALUES (1,7)
INSERT INTO `mycar`.`IntExtColor` (`int_color_id`,`ext_color_id`) VALUES (2,1)
INSERT INTO `mycar`.`IntExtColor` (`int_color_id`,`ext_color_id`) VALUES (2,2)
INSERT INTO `mycar`.`IntExtColor` (`ext_color_id`,`int_color_id`) VALUES (3,2)
INSERT INTO `mycar`.`IntExtColor` (`int_color_id`,`ext_color_id`) VALUES (2,6)
INSERT INTO `mycar`.`IntExtColor` (`ext_color_id`,`int_color_id`) VALUES (8,2)
INSERT INTO `mycar`.`IntExtColor` (`int_color_id`,`ext_color_id`) VALUES (2,9)
INSERT INTO `mycar`.`IntExtColor` (`ext_color_id`,`int_color_id`) VALUES (1,3)
INSERT INTO `mycar`.`IntExtColor` (`ext_color_id`,`int_color_id`) VALUES (2,3)
INSERT INTO `mycar`.`IntExtColor` (`ext_color_id`,`int_color_id`) VALUES (3,3)
INSERT INTO `mycar`.`IntExtColor` (`int_color_id`,`ext_color_id`) VALUES (3,4)
INSERT INTO `mycar`.`IntExtColor` (`int_color_id`,`ext_color_id`) VALUES (3,5)
INSERT INTO `mycar`.`IntExtColor` (`ext_color_id`,`int_color_id`) VALUES (6,3)
INSERT INTO `mycar`.`IntExtColor` (`ext_color_id`,`int_color_id`) VALUES (8,3)
INSERT INTO `mycar`.`IntExtColor` (`int_color_id`,`ext_color_id`) VALUES (3,9)
INSERT INTO `mycar`.`IntExtColor` (`ext_color_id`,`int_color_id`) VALUES (10,4)
INSERT INTO `mycar`.`IntExtColor` (`int_color_id`,`ext_color_id`) VALUES (4,11)
INSERT INTO `mycar`.`IntExtColor` (`int_color_id`,`ext_color_id`) VALUES (4,12)
INSERT INTO `mycar`.`IntExtColor` (`int_color_id`,`ext_color_id`) VALUES (4,13)
INSERT INTO `mycar`.`IntExtColor` (`int_color_id`,`ext_color_id`) VALUES (4,14)
INSERT INTO `mycar`.`IntExtColor` (`int_color_id`,`ext_color_id`) VALUES (4,15)
INSERT INTO `mycar`.`IntExtColor` (`ext_color_id`,`int_color_id`) VALUES (16,4)
INSERT INTO `mycar`.`IntExtColor` (`int_color_id`,`ext_color_id`) VALUES (5,10)
INSERT INTO `mycar`.`IntExtColor` (`ext_color_id`,`int_color_id`) VALUES (11,5)
INSERT INTO `mycar`.`IntExtColor` (`ext_color_id`,`int_color_id`) VALUES (12,5)
INSERT INTO `mycar`.`IntExtColor` (`ext_color_id`,`int_color_id`) VALUES (13,5)
INSERT INTO `mycar`.`IntExtColor` (`ext_color_id`,`int_color_id`) VALUES (14,5)
INSERT INTO `mycar`.`IntExtColor` (`int_color_id`,`ext_color_id`) VALUES (5,15)
INSERT INTO `mycar`.`IntExtColor` (`int_color_id`,`ext_color_id`) VALUES (5,16)
INSERT INTO `mycar`.`IntExtColor` (`int_color_id`,`ext_color_id`) VALUES (6,10)
INSERT INTO `mycar`.`IntExtColor` (`ext_color_id`,`int_color_id`) VALUES (11,6)
INSERT INTO `mycar`.`IntExtColor` (`ext_color_id`,`int_color_id`) VALUES (12,6)
INSERT INTO `mycar`.`IntExtColor` (`ext_color_id`,`int_color_id`) VALUES (13,6)
INSERT INTO `mycar`.`IntExtColor` (`int_color_id`,`ext_color_id`) VALUES (6,14)
INSERT INTO `mycar`.`IntExtColor` (`int_color_id`,`ext_color_id`) VALUES (6,15)
INSERT INTO `mycar`.`IntExtColor` (`ext_color_id`,`int_color_id`) VALUES (16,6)
INSERT INTO `mycar`.`IntExtColor` (`int_color_id`,`ext_color_id`) VALUES (7,11)
INSERT INTO `mycar`.`IntExtColor` (`int_color_id`,`ext_color_id`) VALUES (7,12)
INSERT INTO `mycar`.`IntExtColor` (`int_color_id`,`ext_color_id`) VALUES (7,14)
INSERT INTO `mycar`.`IntExtColor` (`int_color_id`,`ext_color_id`) VALUES (7,15)
INSERT INTO `mycar`.`IntExtColor` (`int_color_id`,`ext_color_id`) VALUES (7,16)
INSERT INTO `mycar`.`IntExtColor` (`int_color_id`,`ext_color_id`) VALUES (9,10)
INSERT INTO `mycar`.`IntExtColor` (`ext_color_id`,`int_color_id`) VALUES (11,9)
INSERT INTO `mycar`.`IntExtColor` (`int_color_id`,`ext_color_id`) VALUES (9,12)
INSERT INTO `mycar`.`IntExtColor` (`int_color_id`,`ext_color_id`) VALUES (9,13)
INSERT INTO `mycar`.`IntExtColor` (`int_color_id`,`ext_color_id`) VALUES (9,14)
INSERT INTO `mycar`.`IntExtColor` (`int_color_id`,`ext_color_id`) VALUES (9,16)


INSERT INTO `mycar`.`TrimIntColor` (`int_color_id`,`trim_id`) VALUES (1,1)
INSERT INTO `mycar`.`TrimIntColor` (`int_color_id`,`trim_id`) VALUES (1,2)
INSERT INTO `mycar`.`TrimIntColor` (`trim_id`,`int_color_id`) VALUES (2,2)
INSERT INTO `mycar`.`TrimIntColor` (`trim_id`,`int_color_id`) VALUES (4,1)
INSERT INTO `mycar`.`TrimIntColor` (`int_color_id`,`trim_id`) VALUES (2,4)
INSERT INTO `mycar`.`TrimIntColor` (`trim_id`,`int_color_id`) VALUES (4,3)
INSERT INTO `mycar`.`TrimIntColor` (`int_color_id`,`trim_id`) VALUES (4,2)
INSERT INTO `mycar`.`TrimIntColor` (`trim_id`,`int_color_id`) VALUES (3,4)
INSERT INTO `mycar`.`TrimIntColor` (`int_color_id`,`trim_id`) VALUES (5,3)
INSERT INTO `mycar`.`TrimIntColor` (`trim_id`,`int_color_id`) VALUES (3,6)
INSERT INTO `mycar`.`TrimIntColor` (`trim_id`,`int_color_id`) VALUES (4,5)
INSERT INTO `mycar`.`TrimIntColor` (`int_color_id`,`trim_id`) VALUES (6,4)
INSERT INTO `mycar`.`TrimIntColor` (`trim_id`,`int_color_id`) VALUES (4,7)
INSERT INTO `mycar`.`TrimIntColor` (`trim_id`,`int_color_id`) VALUES (4,9)


INSERT INTO `mycar`.`OptionType` (`option_type_name`) VALUES ('detail')
INSERT INTO `mycar`.`OptionType` (`option_type_name`) VALUES ('hga')
INSERT INTO `mycar`.`OptionType` (`option_type_name`) VALUES ('performance')


INSERT INTO `mycar`.`Option` (`option_code`,`option_price`,`option_type_id`,`option_name`,`option_image_path`) VALUES ('CV1',690000,1,'컨비니언스 Ⅰ','/images/option/CV1.png')
INSERT INTO `mycar`.`Option` (`option_name`,`option_type_id`,`option_image_path`,`option_code`,`option_price`) VALUES ('인포테인먼트 내비',1,'/images/option/IFN.png','IFN',790000)
INSERT INTO `mycar`.`Option` (`option_price`,`option_type_id`,`option_image_path`,`option_code`,`option_name`) VALUES (250000,1,'/images/option/HER.png','HER','하이패스+ECM 룸미러')
INSERT INTO `mycar`.`Option` (`option_price`,`option_code`,`option_image_path`,`option_name`,`option_type_id`) VALUES (690000,'HS3','/images/option/HS3.png','현대 스마트센스 Ⅲ',1)
INSERT INTO `mycar`.`Option` (`option_name`,`option_price`,`option_type_id`,`option_image_path`,`option_code`) VALUES ('17인치 알로이 휠 & 타이어 Ⅰ',490000,1,'/images/option/AT1.png','AT1')
INSERT INTO `mycar`.`Option` (`option_name`,`option_price`,`option_image_path`,`option_code`,`option_type_id`) VALUES ('현대 스마트센스 Ⅰ',940000,'/images/option/HS1.png','HS1',1)
INSERT INTO `mycar`.`Option` (`option_code`,`option_price`,`option_name`,`option_type_id`,`option_image_path`) VALUES ('EXD',450000,'익스테리어 디자인',1,'/images/option/EXD.png')
INSERT INTO `mycar`.`Option` (`option_image_path`,`option_name`,`option_code`,`option_type_id`,`option_price`) VALUES ('/images/option/SRF.png','선루프','SRF',1,450000)
INSERT INTO `mycar`.`Option` (`option_code`,`option_type_id`,`option_image_path`,`option_name`,`option_price`) VALUES ('PAP',1,'/images/option/PAP.png','파킹 어시스트 플러스',1290000)
INSERT INTO `mycar`.`Option` (`option_image_path`,`option_type_id`,`option_code`,`option_price`,`option_name`) VALUES ('/images/option/CM1.png',1,'CM1',1140000,'컴포트 Ⅰ')
INSERT INTO `mycar`.`Option` (`option_name`,`option_image_path`,`option_price`,`option_code`,`option_type_id`) VALUES ('컴포트 Ⅱ','/images/option/CM2.png',990000,'CM2',1)
INSERT INTO `mycar`.`Option` (`option_code`,`option_name`,`option_price`,`option_type_id`,`option_image_path`) VALUES ('AT2','17인치 알로이 휠 & 타이어 Ⅱ',300000,1,'/images/option/AT2.png')
INSERT INTO `mycar`.`Option` (`option_code`,`option_price`,`option_image_path`,`option_type_id`,`option_name`) VALUES ('BIC',690000,'/images/option/BIC.png',1,'빌트인 캠(보조배터리 포함)')
INSERT INTO `mycar`.`Option` (`option_price`,`option_name`,`option_code`,`option_type_id`,`option_image_path`) VALUES (150000,'세이지 그린 인테리어 컬러','SGI',1,'/images/option/SGI.png')
INSERT INTO `mycar`.`Option` (`option_image_path`,`option_name`,`option_type_id`,`option_code`,`option_price`) VALUES ('/images/option/MN1.png','멀티미디어 내비 Ⅰ',1,'MN1',1290000)
INSERT INTO `mycar`.`Option` (`option_image_path`,`option_price`,`option_code`,`option_name`,`option_type_id`) VALUES ('/images/option/CON.png',540000,'CON','컨비니언스',1)
INSERT INTO `mycar`.`Option` (`option_name`,`option_price`,`option_code`,`option_image_path`,`option_type_id`) VALUES ('현대 스마트센스',890000,'HSS','/images/option/HSS.png',1)
INSERT INTO `mycar`.`Option` (`option_price`,`option_image_path`,`option_type_id`,`option_name`,`option_code`) VALUES (690000,'/images/option/EX1.png',1,'익스테리어 Ⅰ','EX1')
INSERT INTO `mycar`.`Option` (`option_type_id`,`option_image_path`,`option_code`,`option_price`,`option_name`) VALUES (1,'/images/option/E1P.png','E1P',940000,'익스테리어 Ⅰ 플러스')
INSERT INTO `mycar`.`Option` (`option_name`,`option_image_path`,`option_type_id`,`option_code`,`option_price`) VALUES ('파노라마 선루프 + 루프랙 + LED 실내등(맵램프,룸램프)','/images/option/PRL.png',1,'PRL',1240000)
INSERT INTO `mycar`.`Option` (`option_price`,`option_type_id`,`option_name`,`option_image_path`,`option_code`) VALUES (250000,1,'하이패스+ ECM 룸미러','/images/option/HEC.png','HEC')
INSERT INTO `mycar`.`Option` (`option_code`,`option_price`,`option_name`,`option_image_path`,`option_type_id`) VALUES ('ID1',250000,'인테리어디자인 Ⅰ','/images/option/X.png',1)
INSERT INTO `mycar`.`Option` (`option_price`,`option_type_id`,`option_code`,`option_name`,`option_image_path`) VALUES (1140000,1,'COM','컴포트','/images/option/COM.png')
INSERT INTO `mycar`.`Option` (`option_price`,`option_name`,`option_image_path`,`option_type_id`,`option_code`) VALUES (640000,'빌트인 캠(보조배터리 포함)','/images/option/BIC2.png',1,'BIC2')
INSERT INTO `mycar`.`Option` (`option_image_path`,`option_type_id`,`option_price`,`option_code`,`option_name`) VALUES ('/images/option/EX2.png',1,690000,'EX2','익스테리어 Ⅱ')
INSERT INTO `mycar`.`Option` (`option_image_path`,`option_type_id`,`option_name`,`option_price`,`option_code`) VALUES ('/images/option/PSL.png',1,'파노라마 선루프 + LED 실내등(맵램프,룸램프)',1140000,'PSL')
INSERT INTO `mycar`.`Option` (`option_image_path`,`option_price`,`option_type_id`,`option_name`,`option_code`) VALUES ('/images/option/X.png',590000,1,'인테리어디자인 Ⅱ','ID2')
INSERT INTO `mycar`.`Option` (`option_type_id`,`option_image_path`,`option_name`,`option_code`,`option_price`) VALUES (1,'/images/option/PL1.png','플래티넘 Ⅰ','PL1',2230000)
INSERT INTO `mycar`.`Option` (`option_code`,`option_image_path`,`option_type_id`,`option_name`,`option_price`) VALUES ('PL2','/images/option/PL2.png',1,'플래티넘 Ⅱ',2520000)
INSERT INTO `mycar`.`Option` (`option_name`,`option_price`,`option_type_id`,`option_image_path`,`option_code`) VALUES ('파노라마 선루프',1090000,1,'/images/option/PSF.png','PSF')
INSERT INTO `mycar`.`Option` (`option_type_id`,`option_price`,`option_code`,`option_name`,`option_image_path`) VALUES (1,790000,'AVP','어드벤처패키지','/images/option/X.png')
INSERT INTO `mycar`.`Option` (`option_image_path`,`option_name`,`option_type_id`,`option_price`,`option_code`) VALUES ('/images/option/PL3.png','플래티넘 Ⅲ',1,1480000,'PL3')
INSERT INTO `mycar`.`Option` (`option_type_id`,`option_name`,`option_code`,`option_price`,`option_image_path`) VALUES (1,'플래티넘 Ⅳ','PL4',1780000,'/images/option/PL4.png')
INSERT INTO `mycar`.`Option` (`option_name`,`option_code`,`option_price`,`option_image_path`,`option_type_id`) VALUES ('LED 라이팅 패키지 (선루프,
  인스퍼레이션 전용)','NX0002',320000,'/images/option/NX0002.png',2)
INSERT INTO `mycar`.`Option` (`option_image_path`,`option_name`,`option_price`,`option_type_id`,`option_code`) VALUES ('/images/option/NX0004.png','러기지 패키지',120000,2,'NX0004')
INSERT INTO `mycar`.`Option` (`option_code`,`option_type_id`,`option_name`,`option_image_path`,`option_price`) VALUES ('NX0003',2,'빌트인 공기 청정기','/images/option/NX0003.png',400000)
INSERT INTO `mycar`.`Option` (`option_image_path`,`option_name`,`option_code`,`option_price`,`option_type_id`) VALUES ('/images/option/NX0008.png','사이드스텝','NX0008',340000,2)
INSERT INTO `mycar`.`Option` (`option_image_path`,`option_type_id`,`option_price`,`option_code`,`option_name`) VALUES ('/images/option/NX0009.png',2,300000,'NX0009','적외선 무릎 워머')
INSERT INTO `mycar`.`Option` (`option_type_id`,`option_price`,`option_image_path`,`option_name`,`option_code`) VALUES (2,230000,'/images/option/NX0005.png','프로텍션 매트 패키지','NX0005')
INSERT INTO `mycar`.`Option` (`option_name`,`option_code`,`option_price`,`option_type_id`,`option_image_path`) VALUES ('어드벤처 전용 사이드 스텝','NX3855',340000,2,'/images/option/NX3855.png')
INSERT INTO `mycar`.`Option` (`option_type_id`,`option_name`,`option_price`,`option_image_path`,`option_code`) VALUES (3,'19인치 매트 블랙 경량휠',1140000,'/images/option/NX3857.png','NX3857')
INSERT INTO `mycar`.`Option` (`option_code`,`option_price`,`option_image_path`,`option_type_id`,`option_name`) VALUES ('NX3858',2230000,'/images/option/NX3858.png',3,'모노블록 브레이크+19인치 매트 블랙 경량휠 패키지')


INSERT INTO `mycar`.`CarModelOption` (`model_id`,`option_id`) VALUES (1,1)
INSERT INTO `mycar`.`CarModelOption` (`model_id`,`option_id`) VALUES (1,2)
INSERT INTO `mycar`.`CarModelOption` (`model_id`,`option_id`) VALUES (1,3)
INSERT INTO `mycar`.`CarModelOption` (`option_id`,`model_id`) VALUES (4,1)
INSERT INTO `mycar`.`CarModelOption` (`option_id`,`model_id`) VALUES (5,1)
INSERT INTO `mycar`.`CarModelOption` (`model_id`,`option_id`) VALUES (4,1)
INSERT INTO `mycar`.`CarModelOption` (`model_id`,`option_id`) VALUES (4,2)
INSERT INTO `mycar`.`CarModelOption` (`model_id`,`option_id`) VALUES (4,3)
INSERT INTO `mycar`.`CarModelOption` (`option_id`,`model_id`) VALUES (4,4)
INSERT INTO `mycar`.`CarModelOption` (`option_id`,`model_id`) VALUES (5,4)
INSERT INTO `mycar`.`CarModelOption` (`option_id`,`model_id`) VALUES (3,2)
INSERT INTO `mycar`.`CarModelOption` (`option_id`,`model_id`) VALUES (6,2)
INSERT INTO `mycar`.`CarModelOption` (`option_id`,`model_id`) VALUES (7,2)
INSERT INTO `mycar`.`CarModelOption` (`model_id`,`option_id`) VALUES (2,8)
INSERT INTO `mycar`.`CarModelOption` (`model_id`,`option_id`) VALUES (2,9)
INSERT INTO `mycar`.`CarModelOption` (`option_id`,`model_id`) VALUES (10,2)
INSERT INTO `mycar`.`CarModelOption` (`model_id`,`option_id`) VALUES (2,12)
INSERT INTO `mycar`.`CarModelOption` (`option_id`,`model_id`) VALUES (14,2)
INSERT INTO `mycar`.`CarModelOption` (`model_id`,`option_id`) VALUES (5,3)
INSERT INTO `mycar`.`CarModelOption` (`option_id`,`model_id`) VALUES (6,5)
INSERT INTO `mycar`.`CarModelOption` (`option_id`,`model_id`) VALUES (7,5)
INSERT INTO `mycar`.`CarModelOption` (`model_id`,`option_id`) VALUES (5,8)
INSERT INTO `mycar`.`CarModelOption` (`option_id`,`model_id`) VALUES (9,5)
INSERT INTO `mycar`.`CarModelOption` (`model_id`,`option_id`) VALUES (5,11)
INSERT INTO `mycar`.`CarModelOption` (`model_id`,`option_id`) VALUES (5,12)
INSERT INTO `mycar`.`CarModelOption` (`model_id`,`option_id`) VALUES (5,14)
INSERT INTO `mycar`.`CarModelOption` (`option_id`,`model_id`) VALUES (12,3)
INSERT INTO `mycar`.`CarModelOption` (`model_id`,`option_id`) VALUES (3,8)
INSERT INTO `mycar`.`CarModelOption` (`option_id`,`model_id`) VALUES (13,3)
INSERT INTO `mycar`.`CarModelOption` (`option_id`,`model_id`) VALUES (14,3)
INSERT INTO `mycar`.`CarModelOption` (`model_id`,`option_id`) VALUES (6,12)
INSERT INTO `mycar`.`CarModelOption` (`option_id`,`model_id`) VALUES (8,6)
INSERT INTO `mycar`.`CarModelOption` (`model_id`,`option_id`) VALUES (6,14)
INSERT INTO `mycar`.`CarModelOption` (`option_id`,`model_id`) VALUES (22,7)
INSERT INTO `mycar`.`CarModelOption` (`option_id`,`model_id`) VALUES (15,7)
INSERT INTO `mycar`.`CarModelOption` (`model_id`,`option_id`) VALUES (7,16)
INSERT INTO `mycar`.`CarModelOption` (`option_id`,`model_id`) VALUES (17,7)
INSERT INTO `mycar`.`CarModelOption` (`option_id`,`model_id`) VALUES (18,7)
INSERT INTO `mycar`.`CarModelOption` (`option_id`,`model_id`) VALUES (19,7)
INSERT INTO `mycar`.`CarModelOption` (`model_id`,`option_id`) VALUES (7,20)
INSERT INTO `mycar`.`CarModelOption` (`model_id`,`option_id`) VALUES (7,21)
INSERT INTO `mycar`.`CarModelOption` (`model_id`,`option_id`) VALUES (7,34)
INSERT INTO `mycar`.`CarModelOption` (`model_id`,`option_id`) VALUES (7,35)
INSERT INTO `mycar`.`CarModelOption` (`model_id`,`option_id`) VALUES (7,37)
INSERT INTO `mycar`.`CarModelOption` (`model_id`,`option_id`) VALUES (7,38)
INSERT INTO `mycar`.`CarModelOption` (`option_id`,`model_id`) VALUES (39,7)
INSERT INTO `mycar`.`CarModelOption` (`option_id`,`model_id`) VALUES (41,7)
INSERT INTO `mycar`.`CarModelOption` (`model_id`,`option_id`) VALUES (7,42)
INSERT INTO `mycar`.`CarModelOption` (`model_id`,`option_id`) VALUES (10,22)
INSERT INTO `mycar`.`CarModelOption` (`model_id`,`option_id`) VALUES (10,15)
INSERT INTO `mycar`.`CarModelOption` (`option_id`,`model_id`) VALUES (16,10)
INSERT INTO `mycar`.`CarModelOption` (`option_id`,`model_id`) VALUES (17,10)
INSERT INTO `mycar`.`CarModelOption` (`option_id`,`model_id`) VALUES (18,10)
INSERT INTO `mycar`.`CarModelOption` (`option_id`,`model_id`) VALUES (19,10)
INSERT INTO `mycar`.`CarModelOption` (`model_id`,`option_id`) VALUES (10,20)
INSERT INTO `mycar`.`CarModelOption` (`option_id`,`model_id`) VALUES (21,10)
INSERT INTO `mycar`.`CarModelOption` (`model_id`,`option_id`) VALUES (10,34)
INSERT INTO `mycar`.`CarModelOption` (`model_id`,`option_id`) VALUES (10,35)
INSERT INTO `mycar`.`CarModelOption` (`option_id`,`model_id`) VALUES (37,10)
INSERT INTO `mycar`.`CarModelOption` (`option_id`,`model_id`) VALUES (38,10)
INSERT INTO `mycar`.`CarModelOption` (`model_id`,`option_id`) VALUES (10,39)
INSERT INTO `mycar`.`CarModelOption` (`model_id`,`option_id`) VALUES (10,41)
INSERT INTO `mycar`.`CarModelOption` (`option_id`,`model_id`) VALUES (42,10)
INSERT INTO `mycar`.`CarModelOption` (`option_id`,`model_id`) VALUES (22,13)
INSERT INTO `mycar`.`CarModelOption` (`option_id`,`model_id`) VALUES (15,13)
INSERT INTO `mycar`.`CarModelOption` (`option_id`,`model_id`) VALUES (16,13)
INSERT INTO `mycar`.`CarModelOption` (`model_id`,`option_id`) VALUES (13,17)
INSERT INTO `mycar`.`CarModelOption` (`option_id`,`model_id`) VALUES (18,13)
INSERT INTO `mycar`.`CarModelOption` (`option_id`,`model_id`) VALUES (19,13)
INSERT INTO `mycar`.`CarModelOption` (`model_id`,`option_id`) VALUES (13,20)
INSERT INTO `mycar`.`CarModelOption` (`model_id`,`option_id`) VALUES (13,21)
INSERT INTO `mycar`.`CarModelOption` (`model_id`,`option_id`) VALUES (13,34)
INSERT INTO `mycar`.`CarModelOption` (`model_id`,`option_id`) VALUES (13,35)
INSERT INTO `mycar`.`CarModelOption` (`option_id`,`model_id`) VALUES (37,13)
INSERT INTO `mycar`.`CarModelOption` (`model_id`,`option_id`) VALUES (13,38)
INSERT INTO `mycar`.`CarModelOption` (`option_id`,`model_id`) VALUES (39,13)
INSERT INTO `mycar`.`CarModelOption` (`model_id`,`option_id`) VALUES (13,41)
INSERT INTO `mycar`.`CarModelOption` (`model_id`,`option_id`) VALUES (13,42)
INSERT INTO `mycar`.`CarModelOption` (`model_id`,`option_id`) VALUES (16,22)
INSERT INTO `mycar`.`CarModelOption` (`option_id`,`model_id`) VALUES (15,16)
INSERT INTO `mycar`.`CarModelOption` (`model_id`,`option_id`) VALUES (16,16)
INSERT INTO `mycar`.`CarModelOption` (`model_id`,`option_id`) VALUES (16,17)
INSERT INTO `mycar`.`CarModelOption` (`model_id`,`option_id`) VALUES (16,18)
INSERT INTO `mycar`.`CarModelOption` (`option_id`,`model_id`) VALUES (19,16)
INSERT INTO `mycar`.`CarModelOption` (`model_id`,`option_id`) VALUES (16,20)
INSERT INTO `mycar`.`CarModelOption` (`option_id`,`model_id`) VALUES (21,16)
INSERT INTO `mycar`.`CarModelOption` (`model_id`,`option_id`) VALUES (16,34)
INSERT INTO `mycar`.`CarModelOption` (`option_id`,`model_id`) VALUES (35,16)
INSERT INTO `mycar`.`CarModelOption` (`model_id`,`option_id`) VALUES (16,37)
INSERT INTO `mycar`.`CarModelOption` (`model_id`,`option_id`) VALUES (16,38)
INSERT INTO `mycar`.`CarModelOption` (`model_id`,`option_id`) VALUES (16,39)
INSERT INTO `mycar`.`CarModelOption` (`model_id`,`option_id`) VALUES (16,41)
INSERT INTO `mycar`.`CarModelOption` (`option_id`,`model_id`) VALUES (42,16)
INSERT INTO `mycar`.`CarModelOption` (`option_id`,`model_id`) VALUES (27,8)
INSERT INTO `mycar`.`CarModelOption` (`option_id`,`model_id`) VALUES (29,8)
INSERT INTO `mycar`.`CarModelOption` (`option_id`,`model_id`) VALUES (17,8)
INSERT INTO `mycar`.`CarModelOption` (`model_id`,`option_id`) VALUES (8,24)
INSERT INTO `mycar`.`CarModelOption` (`model_id`,`option_id`) VALUES (8,23)
INSERT INTO `mycar`.`CarModelOption` (`model_id`,`option_id`) VALUES (8,25)
INSERT INTO `mycar`.`CarModelOption` (`model_id`,`option_id`) VALUES (8,26)
INSERT INTO `mycar`.`CarModelOption` (`model_id`,`option_id`) VALUES (8,34)
INSERT INTO `mycar`.`CarModelOption` (`option_id`,`model_id`) VALUES (35,8)
INSERT INTO `mycar`.`CarModelOption` (`option_id`,`model_id`) VALUES (37,8)
INSERT INTO `mycar`.`CarModelOption` (`model_id`,`option_id`) VALUES (8,38)
INSERT INTO `mycar`.`CarModelOption` (`model_id`,`option_id`) VALUES (8,39)
INSERT INTO `mycar`.`CarModelOption` (`model_id`,`option_id`) VALUES (8,36)
INSERT INTO `mycar`.`CarModelOption` (`model_id`,`option_id`) VALUES (8,41)
INSERT INTO `mycar`.`CarModelOption` (`option_id`,`model_id`) VALUES (42,8)
INSERT INTO `mycar`.`CarModelOption` (`model_id`,`option_id`) VALUES (11,27)
INSERT INTO `mycar`.`CarModelOption` (`model_id`,`option_id`) VALUES (11,29)
INSERT INTO `mycar`.`CarModelOption` (`model_id`,`option_id`) VALUES (11,17)
INSERT INTO `mycar`.`CarModelOption` (`option_id`,`model_id`) VALUES (24,11)
INSERT INTO `mycar`.`CarModelOption` (`option_id`,`model_id`) VALUES (23,11)
INSERT INTO `mycar`.`CarModelOption` (`model_id`,`option_id`) VALUES (11,25)
INSERT INTO `mycar`.`CarModelOption` (`model_id`,`option_id`) VALUES (11,26)
INSERT INTO `mycar`.`CarModelOption` (`option_id`,`model_id`) VALUES (34,11)
INSERT INTO `mycar`.`CarModelOption` (`option_id`,`model_id`) VALUES (35,11)
INSERT INTO `mycar`.`CarModelOption` (`model_id`,`option_id`) VALUES (11,37)
INSERT INTO `mycar`.`CarModelOption` (`option_id`,`model_id`) VALUES (38,11)
INSERT INTO `mycar`.`CarModelOption` (`option_id`,`model_id`) VALUES (39,11)
INSERT INTO `mycar`.`CarModelOption` (`option_id`,`model_id`) VALUES (36,11)
INSERT INTO `mycar`.`CarModelOption` (`model_id`,`option_id`) VALUES (11,41)
INSERT INTO `mycar`.`CarModelOption` (`option_id`,`model_id`) VALUES (42,11)
INSERT INTO `mycar`.`CarModelOption` (`option_id`,`model_id`) VALUES (27,14)
INSERT INTO `mycar`.`CarModelOption` (`model_id`,`option_id`) VALUES (14,28)
INSERT INTO `mycar`.`CarModelOption` (`model_id`,`option_id`) VALUES (14,17)
INSERT INTO `mycar`.`CarModelOption` (`model_id`,`option_id`) VALUES (14,24)
INSERT INTO `mycar`.`CarModelOption` (`model_id`,`option_id`) VALUES (14,23)
INSERT INTO `mycar`.`CarModelOption` (`option_id`,`model_id`) VALUES (25,14)
INSERT INTO `mycar`.`CarModelOption` (`option_id`,`model_id`) VALUES (26,14)
INSERT INTO `mycar`.`CarModelOption` (`option_id`,`model_id`) VALUES (34,14)
INSERT INTO `mycar`.`CarModelOption` (`model_id`,`option_id`) VALUES (14,35)
INSERT INTO `mycar`.`CarModelOption` (`model_id`,`option_id`) VALUES (14,37)
INSERT INTO `mycar`.`CarModelOption` (`model_id`,`option_id`) VALUES (14,38)
INSERT INTO `mycar`.`CarModelOption` (`option_id`,`model_id`) VALUES (39,14)
INSERT INTO `mycar`.`CarModelOption` (`option_id`,`model_id`) VALUES (36,14)
INSERT INTO `mycar`.`CarModelOption` (`option_id`,`model_id`) VALUES (41,14)
INSERT INTO `mycar`.`CarModelOption` (`option_id`,`model_id`) VALUES (42,14)
INSERT INTO `mycar`.`CarModelOption` (`option_id`,`model_id`) VALUES (27,17)
INSERT INTO `mycar`.`CarModelOption` (`option_id`,`model_id`) VALUES (28,17)
INSERT INTO `mycar`.`CarModelOption` (`model_id`,`option_id`) VALUES (17,17)
INSERT INTO `mycar`.`CarModelOption` (`option_id`,`model_id`) VALUES (24,17)
INSERT INTO `mycar`.`CarModelOption` (`option_id`,`model_id`) VALUES (23,17)
INSERT INTO `mycar`.`CarModelOption` (`option_id`,`model_id`) VALUES (25,17)
INSERT INTO `mycar`.`CarModelOption` (`option_id`,`model_id`) VALUES (26,17)
INSERT INTO `mycar`.`CarModelOption` (`model_id`,`option_id`) VALUES (17,34)
INSERT INTO `mycar`.`CarModelOption` (`model_id`,`option_id`) VALUES (17,35)
INSERT INTO `mycar`.`CarModelOption` (`option_id`,`model_id`) VALUES (37,17)
INSERT INTO `mycar`.`CarModelOption` (`option_id`,`model_id`) VALUES (38,17)
INSERT INTO `mycar`.`CarModelOption` (`option_id`,`model_id`) VALUES (39,17)
INSERT INTO `mycar`.`CarModelOption` (`model_id`,`option_id`) VALUES (17,36)
INSERT INTO `mycar`.`CarModelOption` (`model_id`,`option_id`) VALUES (17,41)
INSERT INTO `mycar`.`CarModelOption` (`option_id`,`model_id`) VALUES (42,17)
INSERT INTO `mycar`.`CarModelOption` (`option_id`,`model_id`) VALUES (31,9)
INSERT INTO `mycar`.`CarModelOption` (`option_id`,`model_id`) VALUES (30,9)
INSERT INTO `mycar`.`CarModelOption` (`model_id`,`option_id`) VALUES (9,24)
INSERT INTO `mycar`.`CarModelOption` (`option_id`,`model_id`) VALUES (33,9)
INSERT INTO `mycar`.`CarModelOption` (`model_id`,`option_id`) VALUES (9,34)
INSERT INTO `mycar`.`CarModelOption` (`option_id`,`model_id`) VALUES (35,9)
INSERT INTO `mycar`.`CarModelOption` (`option_id`,`model_id`) VALUES (37,9)
INSERT INTO `mycar`.`CarModelOption` (`model_id`,`option_id`) VALUES (9,38)
INSERT INTO `mycar`.`CarModelOption` (`model_id`,`option_id`) VALUES (9,39)
INSERT INTO `mycar`.`CarModelOption` (`option_id`,`model_id`) VALUES (36,9)
INSERT INTO `mycar`.`CarModelOption` (`model_id`,`option_id`) VALUES (9,40)
INSERT INTO `mycar`.`CarModelOption` (`option_id`,`model_id`) VALUES (41,9)
INSERT INTO `mycar`.`CarModelOption` (`option_id`,`model_id`) VALUES (42,9)
INSERT INTO `mycar`.`CarModelOption` (`option_id`,`model_id`) VALUES (31,12)
INSERT INTO `mycar`.`CarModelOption` (`model_id`,`option_id`) VALUES (12,30)
INSERT INTO `mycar`.`CarModelOption` (`model_id`,`option_id`) VALUES (12,24)
INSERT INTO `mycar`.`CarModelOption` (`model_id`,`option_id`) VALUES (12,33)
INSERT INTO `mycar`.`CarModelOption` (`option_id`,`model_id`) VALUES (34,12)
INSERT INTO `mycar`.`CarModelOption` (`option_id`,`model_id`) VALUES (35,12)
INSERT INTO `mycar`.`CarModelOption` (`model_id`,`option_id`) VALUES (12,37)
INSERT INTO `mycar`.`CarModelOption` (`option_id`,`model_id`) VALUES (38,12)
INSERT INTO `mycar`.`CarModelOption` (`model_id`,`option_id`) VALUES (12,39)
INSERT INTO `mycar`.`CarModelOption` (`model_id`,`option_id`) VALUES (12,36)
INSERT INTO `mycar`.`CarModelOption` (`model_id`,`option_id`) VALUES (12,40)
INSERT INTO `mycar`.`CarModelOption` (`model_id`,`option_id`) VALUES (12,41)
INSERT INTO `mycar`.`CarModelOption` (`model_id`,`option_id`) VALUES (12,42)
INSERT INTO `mycar`.`CarModelOption` (`option_id`,`model_id`) VALUES (31,15)
INSERT INTO `mycar`.`CarModelOption` (`option_id`,`model_id`) VALUES (30,15)
INSERT INTO `mycar`.`CarModelOption` (`option_id`,`model_id`) VALUES (24,15)
INSERT INTO `mycar`.`CarModelOption` (`model_id`,`option_id`) VALUES (15,32)
INSERT INTO `mycar`.`CarModelOption` (`option_id`,`model_id`) VALUES (34,15)
INSERT INTO `mycar`.`CarModelOption` (`option_id`,`model_id`) VALUES (35,15)
INSERT INTO `mycar`.`CarModelOption` (`model_id`,`option_id`) VALUES (15,37)
INSERT INTO `mycar`.`CarModelOption` (`model_id`,`option_id`) VALUES (15,38)
INSERT INTO `mycar`.`CarModelOption` (`option_id`,`model_id`) VALUES (39,15)
INSERT INTO `mycar`.`CarModelOption` (`model_id`,`option_id`) VALUES (15,36)
INSERT INTO `mycar`.`CarModelOption` (`option_id`,`model_id`) VALUES (40,15)
INSERT INTO `mycar`.`CarModelOption` (`option_id`,`model_id`) VALUES (41,15)
INSERT INTO `mycar`.`CarModelOption` (`model_id`,`option_id`) VALUES (15,42)
INSERT INTO `mycar`.`CarModelOption` (`option_id`,`model_id`) VALUES (31,18)
INSERT INTO `mycar`.`CarModelOption` (`model_id`,`option_id`) VALUES (18,30)
INSERT INTO `mycar`.`CarModelOption` (`model_id`,`option_id`) VALUES (18,24)
INSERT INTO `mycar`.`CarModelOption` (`option_id`,`model_id`) VALUES (32,18)
INSERT INTO `mycar`.`CarModelOption` (`model_id`,`option_id`) VALUES (18,34)
INSERT INTO `mycar`.`CarModelOption` (`option_id`,`model_id`) VALUES (35,18)
INSERT INTO `mycar`.`CarModelOption` (`option_id`,`model_id`) VALUES (37,18)
INSERT INTO `mycar`.`CarModelOption` (`model_id`,`option_id`) VALUES (18,38)
INSERT INTO `mycar`.`CarModelOption` (`option_id`,`model_id`) VALUES (39,18)
INSERT INTO `mycar`.`CarModelOption` (`model_id`,`option_id`) VALUES (18,36)
INSERT INTO `mycar`.`CarModelOption` (`option_id`,`model_id`) VALUES (40,18)
INSERT INTO `mycar`.`CarModelOption` (`option_id`,`model_id`) VALUES (41,18)
INSERT INTO `mycar`.`CarModelOption` (`model_id`,`option_id`) VALUES (18,42)


INSERT INTO `mycar`.`IntColorOption` (`int_color_id`,`option_id`) VALUES (2,14)
INSERT INTO `mycar`.`IntColorOption` (`option_id`,`int_color_id`) VALUES (27,5)
INSERT INTO `mycar`.`IntColorOption` (`option_id`,`int_color_id`) VALUES (27,6)




INSERT INTO `mycar`.`ActivateOption` (`trim_id`,`option_id`,`activate_option_id`) VALUES (1,1,2)
INSERT INTO `mycar`.`ActivateOption` (`option_id`,`activate_option_id`,`trim_id`) VALUES (31,40,4)
INSERT INTO `mycar`.`ActivateOption` (`trim_id`,`option_id`,`activate_option_id`) VALUES (2,20,34)
INSERT INTO `mycar`.`ActivateOption` (`option_id`,`activate_option_id`,`trim_id`) VALUES (26,34,3)
INSERT INTO `mycar`.`ActivateOption` (`option_id`,`trim_id`,`activate_option_id`) VALUES (30,4,34)
INSERT INTO `mycar`.`ActivateOption` (`option_id`,`activate_option_id`,`trim_id`) VALUES (19,41,2)
INSERT INTO `mycar`.`ActivateOption` (`activate_option_id`,`option_id`,`trim_id`) VALUES (42,19,2)
INSERT INTO `mycar`.`ActivateOption` (`option_id`,`trim_id`,`activate_option_id`) VALUES (25,3,41)
INSERT INTO `mycar`.`ActivateOption` (`activate_option_id`,`trim_id`,`option_id`) VALUES (42,3,25)


INSERT INTO `mycar`.`DeactivateOption` (`deactivate_option_id`,`option_id`) VALUES (21,15)
INSERT INTO `mycar`.`DeactivateOption` (`option_id`,`deactivate_option_id`) VALUES (21,15)
INSERT INTO `mycar`.`DeactivateOption` (`deactivate_option_id`,`option_id`) VALUES (19,18)
INSERT INTO `mycar`.`DeactivateOption` (`option_id`,`deactivate_option_id`) VALUES (19,18)
INSERT INTO `mycar`.`DeactivateOption` (`deactivate_option_id`,`option_id`) VALUES (42,41)
INSERT INTO `mycar`.`DeactivateOption` (`deactivate_option_id`,`option_id`) VALUES (41,42)


INSERT INTO `mycar`.`DeleteOption` (`delete_option_id`,`option_id`) VALUES (37,31)
INSERT INTO `mycar`.`DeleteOption` (`option_id`,`delete_option_id`) VALUES (31,41)
INSERT INTO `mycar`.`DeleteOption` (`delete_option_id`,`option_id`) VALUES (42,31)
