INSERT INTO `CarType` (`car_type_name`,`car_type_code`) VALUES ('승용','S')
INSERT INTO `CarType` (`car_type_name`,`car_type_code`) VALUES ('SUV','J')


INSERT INTO `Car` (`car_code`,`car_type_id`,`car_image_path`,`car_name`) VALUES ('CN12',1,'/images/car/CN12.png','더 뉴 아반떼')
INSERT INTO `Car` (`car_code`,`car_type_id`,`car_name`,`car_image_path`) VALUES ('NX05',2,'투싼','/images/car/NX05.png')


INSERT INTO `Engine` (`engine_code`,`engine_name`) VALUES ('R','가솔린 1.6')
INSERT INTO `Engine` (`engine_name`,`engine_code`) VALUES ('LPG 1.6','L')
INSERT INTO `Engine` (`engine_name`,`engine_code`) VALUES ('디젤','D')
INSERT INTO `Engine` (`engine_name`,`engine_code`) VALUES ('1.6 가솔린 터보','T')


INSERT INTO `Mission` (`mission_name`,`mission_code`) VALUES ('A/T','T')
INSERT INTO `Mission` (`mission_name`,`mission_code`) VALUES ('A/T','A,T')
INSERT INTO `Mission` (`mission_code`,`mission_name`) VALUES ('D,H','DCT')


INSERT INTO `Drive` (`drive_name`,`drive_code`) VALUES ('2WD','D,T')
INSERT INTO `Drive` (`drive_code`,`drive_name`) VALUES ('A,H','4WD')


INSERT INTO `Trim` (`trim_name`,`trim_code`) VALUES ('Smart','B')
INSERT INTO `Trim` (`trim_name`,`trim_code`) VALUES ('Modern','D')
INSERT INTO `Trim` (`trim_name`,`trim_code`) VALUES ('Premium','C')
INSERT INTO `Trim` (`trim_name`,`trim_code`) VALUES ('Inspiration','P')


INSERT INTO `CarEngine` (`car_id`,`engine_id`) VALUES (1,1)
INSERT INTO `CarEngine` (`engine_id`,`car_id`) VALUES (2,1)
INSERT INTO `CarEngine` (`car_id`,`engine_id`) VALUES (2,3)
INSERT INTO `CarEngine` (`engine_id`,`car_id`) VALUES (4,2)


INSERT INTO `CarMission` (`mission_id`,`car_id`) VALUES (1,1)
INSERT INTO `CarMission` (`car_id`,`mission_id`) VALUES (2,2)
INSERT INTO `CarMission` (`car_id`,`mission_id`) VALUES (2,3)


INSERT INTO `CarDrive` (`car_id`,`drive_id`) VALUES (2,1)
INSERT INTO `CarDrive` (`drive_id`,`car_id`) VALUES (2,2)


INSERT INTO `CarTrim` (`car_id`,`trim_id`) VALUES (1,1)
INSERT INTO `CarTrim` (`trim_id`,`car_id`) VALUES (2,1)
INSERT INTO `CarTrim` (`car_id`,`trim_id`) VALUES (1,4)
INSERT INTO `CarTrim` (`car_id`,`trim_id`) VALUES (2,2)
INSERT INTO `CarTrim` (`trim_id`,`car_id`) VALUES (3,2)
INSERT INTO `CarTrim` (`car_id`,`trim_id`) VALUES (2,4)


INSERT INTO `CarModel` (`trim_id`,`engine_id`,`model_image_path`,`model_price`,`car_id`,`model_code`,`mission_id`,`drive_id`,`model_name`) VALUES (1,1,'/images/model/CN12-smart.png',19750000,1,'CNJS4RBT3',1,null,'더 뉴 아반떼 가솔린 1.6 Smart A/T')
INSERT INTO `CarModel` (`model_code`,`model_name`,`engine_id`,`trim_id`,`mission_id`,`drive_id`,`car_id`,`model_image_path`,`model_price`) VALUES ('CNJS4RDT3','더 뉴 아반떼 가솔린 1.6 Modern A/T',1,2,1,null,1,'/images/model/CN12-modern.png',22730000)
INSERT INTO `CarModel` (`model_price`,`model_name`,`model_code`,`trim_id`,`car_id`,`drive_id`,`mission_id`,`model_image_path`,`engine_id`) VALUES (26910000,'더 뉴 아반떼 가솔린 1.6 Inspiration A/T','CNJS4RGT3',4,1,null,1,'/images/model/CN12-inspiration.png',1)
INSERT INTO `CarModel` (`mission_id`,`model_name`,`drive_id`,`engine_id`,`model_image_path`,`model_price`,`trim_id`,`model_code`,`car_id`) VALUES (1,'더 뉴 아반떼 LPG 1.6 Smart A/T',null,2,'/images/model/CN12-smart.png',21150000,1,'CNJS4LBT3',1)
INSERT INTO `CarModel` (`model_name`,`model_image_path`,`trim_id`,`drive_id`,`mission_id`,`car_id`,`model_price`,`engine_id`,`model_code`) VALUES ('더 뉴 아반떼 LPG 1.6 Modern A/T','/images/model/CN12-modern.png',2,null,1,1,24120000,2,'CNJS4LDT3')
INSERT INTO `CarModel` (`trim_id`,`model_name`,`car_id`,`model_code`,`mission_id`,`drive_id`,`model_price`,`model_image_path`,`engine_id`) VALUES (4,'더 뉴 아반떼 LPG 1.6 Inspiration A/T',1,'CNJS4LGT3',1,null,28180000,'/images/model/CN12-inspiration.png',2)
INSERT INTO `CarModel` (`model_name`,`car_id`,`model_image_path`,`model_code`,`drive_id`,`mission_id`,`engine_id`,`trim_id`,`model_price`) VALUES ('투싼 디젤 Modern 2WD A/T',2,'/images/model/NX05-modern.png','NXJJ5DDT2',1,2,3,2,28190000)
INSERT INTO `CarModel` (`mission_id`,`drive_id`,`model_price`,`car_id`,`model_code`,`model_name`,`engine_id`,`trim_id`,`model_image_path`) VALUES (2,1,31100000,2,'NXJJ5DCT2','투싼 디젤 Premium 2WD A/T',3,3,'/images/model/NX05-premium.png')
INSERT INTO `CarModel` (`engine_id`,`drive_id`,`model_image_path`,`model_code`,`car_id`,`model_name`,`mission_id`,`trim_id`,`model_price`) VALUES (3,1,'/images/model/NX05-inspiration.png','NXJJ5DPT2',2,'투싼 디젤 Inspiration 2WD A/T',2,4,34780000)
INSERT INTO `CarModel` (`model_price`,`mission_id`,`trim_id`,`model_name`,`car_id`,`engine_id`,`drive_id`,`model_code`,`model_image_path`) VALUES (30420000,2,2,'투싼 디젤 Modern 4WD A/T',2,3,2,'NXJJ5DDA2','/images/model/NX05-modern.png')
INSERT INTO `CarModel` (`model_image_path`,`drive_id`,`model_name`,`trim_id`,`model_price`,`mission_id`,`car_id`,`engine_id`,`model_code`) VALUES ('/images/model/NX05-premium.png',2,'투싼 디젤 Premium 4WD A/T',3,33330000,2,2,3,'NXJJ5DCA2')
INSERT INTO `CarModel` (`mission_id`,`trim_id`,`model_image_path`,`car_id`,`drive_id`,`model_code`,`engine_id`,`model_name`,`model_price`) VALUES (2,4,'/images/model/NX05-inspiration.png',2,2,'NXJJ5DPA2',3,'투싼 디젤 Inspiration 4WD A/T',37010000)
INSERT INTO `CarModel` (`engine_id`,`model_code`,`trim_id`,`model_name`,`model_price`,`model_image_path`,`car_id`,`mission_id`,`drive_id`) VALUES (4,'NXJJ5TDD2',2,'투싼 1.6 가솔린 터보 Modern 2WD DCT',26030000,'/images/model/NX05-modern.png',2,3,1)
INSERT INTO `CarModel` (`model_price`,`model_image_path`,`engine_id`,`model_code`,`car_id`,`trim_id`,`model_name`,`mission_id`,`drive_id`) VALUES (28940000,'/images/model/NX05-premium.png',4,'NXJJ5TCD2',2,3,'투싼 1.6 가솔린 터보 Premium 2WD DCT',3,1)
INSERT INTO `CarModel` (`model_code`,`car_id`,`mission_id`,`drive_id`,`engine_id`,`model_price`,`model_image_path`,`trim_id`,`model_name`) VALUES ('NXJJ5TPD2',2,3,1,4,32620000,'/images/model/NX05-inspiration.png',4,'투싼 1.6 가솔린 터보 Inspiration 2WD DCT')
INSERT INTO `CarModel` (`mission_id`,`car_id`,`model_price`,`drive_id`,`trim_id`,`engine_id`,`model_code`,`model_image_path`,`model_name`) VALUES (3,2,28010000,2,2,4,'NXJJ5TDH2','/images/model/NX05-modern.png','투싼 1.6 가솔린 터보 Modern 4WD DCT')
INSERT INTO `CarModel` (`car_id`,`drive_id`,`engine_id`,`model_image_path`,`mission_id`,`model_price`,`model_code`,`model_name`,`trim_id`) VALUES (2,2,4,'/images/model/NX05-premium.png',3,30920000,'NXJJ5TCH2','투싼 1.6 가솔린 터보 Premium 4WD DCT',3)
INSERT INTO `CarModel` (`car_id`,`model_code`,`model_image_path`,`drive_id`,`engine_id`,`trim_id`,`model_price`,`model_name`,`mission_id`) VALUES (2,'NXJJ5TPH2','/images/model/NX05-inspiration.png',2,4,4,34600000,'투싼 1.6 가솔린 터보 Inspiration 4WD DCT',3)


INSERT INTO `IntColor` (`int_color_code`,`int_color_image_path`,`int_color_name`) VALUES ('NNB','/images/interior-color/NNB.png','블랙모노톤')
INSERT INTO `IntColor` (`int_color_code`,`int_color_image_path`,`int_color_name`) VALUES ('SSS','/images/interior-color/SSS.png','세이지그린')
INSERT INTO `IntColor` (`int_color_name`,`int_color_image_path`,`int_color_code`) VALUES ('캐쉬미어 베이지','/images/interior-color/VHC.png','VHC')
INSERT INTO `IntColor` (`int_color_image_path`,`int_color_code`,`int_color_name`) VALUES ('/images/interior-color/I34.png','I34','블랙모노톤')
INSERT INTO `IntColor` (`int_color_code`,`int_color_image_path`,`int_color_name`) VALUES ('I35','/images/interior-color/I35.png','블랙 모노톤(가죽 시트)')
INSERT INTO `IntColor` (`int_color_code`,`int_color_image_path`,`int_color_name`) VALUES ('I36','/images/interior-color/I36.png','블랙/그레이 투톤(그레이 가죽시트)')
INSERT INTO `IntColor` (`int_color_image_path`,`int_color_code`,`int_color_name`) VALUES ('/images/interior-color/I37.png','I37','네이비 원톤(인디고 모노톤)')
INSERT INTO `IntColor` (`int_color_code`,`int_color_name`,`int_color_image_path`) VALUES ('I38','블랙모노톤(레드스티치)','/images/interior-color/I38.png')
INSERT INTO `IntColor` (`int_color_image_path`,`int_color_code`,`int_color_name`) VALUES ('/images/interior-color/PRF.png','PRF','블랙 / 브라운 투톤(브라운 가죽시트)')


INSERT INTO `ExtColor` (`ext_color_code`,`ext_color_name`,`ext_color_image_path`) VALUES ('A5G','아마존 그레이 메탈릭','/images/exterior-color/A5G.png')
INSERT INTO `ExtColor` (`ext_color_name`,`ext_color_image_path`,`ext_color_code`) VALUES ('에코트로닉 그레이펄','/images/exterior-color/PE2.png','PE2')
INSERT INTO `ExtColor` (`ext_color_name`,`ext_color_code`,`ext_color_image_path`) VALUES ('플루이드 그레이 메탈릭','M6T','/images/exterior-color/M6T.png')
INSERT INTO `ExtColor` (`ext_color_code`,`ext_color_name`,`ext_color_image_path`) VALUES ('PM2','메타블루펄','/images/exterior-color/PM2.png')
INSERT INTO `ExtColor` (`ext_color_name`,`ext_color_code`,`ext_color_image_path`) VALUES ('인텐스 블루 펄','YP5','/images/exterior-color/YP5.png')
INSERT INTO `ExtColor` (`ext_color_code`,`ext_color_name`,`ext_color_image_path`) VALUES ('SAW','아틀라스 화이트','/images/exterior-color/SAW.png')
INSERT INTO `ExtColor` (`ext_color_code`,`ext_color_name`,`ext_color_image_path`) VALUES ('A2B','어비스블랙펄','/images/exterior-color/A2B.png')
INSERT INTO `ExtColor` (`ext_color_name`,`ext_color_image_path`,`ext_color_code`) VALUES ('사이버 그레이 메탈릭','/images/exterior-color/C5G.png','C5G')
INSERT INTO `ExtColor` (`ext_color_code`,`ext_color_name`,`ext_color_image_path`) VALUES ('R2P','얼티메이트 레드 메탈릭','/images/exterior-color/R2P.png')
INSERT INTO `ExtColor` (`ext_color_name`,`ext_color_image_path`,`ext_color_code`) VALUES ('실키 브론즈 메탈릭','/images/exterior-color/B6S.png','B6S')
INSERT INTO `ExtColor` (`ext_color_image_path`,`ext_color_name`,`ext_color_code`) VALUES ('/images/exterior-color/R2T.png','쉬머링 실버 메탈릭','R2T')
INSERT INTO `ExtColor` (`ext_color_image_path`,`ext_color_code`,`ext_color_name`) VALUES ('/images/exterior-color/TW3.png','TW3','크리미 화이트 펄')
INSERT INTO `ExtColor` (`ext_color_name`,`ext_color_code`,`ext_color_image_path`) VALUES ('티탄 그레이 메탈릭','R4G','/images/exterior-color/R4G.png')
INSERT INTO `ExtColor` (`ext_color_image_path`,`ext_color_code`,`ext_color_name`) VALUES ('/images/exterior-color/PS8.png','PS8','오션 인디고 펄')
INSERT INTO `ExtColor` (`ext_color_image_path`,`ext_color_name`,`ext_color_code`) VALUES ('/images/exterior-color/TCM.png','팬텀 블랙 펄','TCM')
INSERT INTO `ExtColor` (`ext_color_image_path`,`ext_color_code`,`ext_color_name`) VALUES ('/images/exterior-color/Y3G.png','Y3G','티타늄 그레이 매트')


INSERT INTO `IntExtColor` (`int_color_id`,`ext_color_id`) VALUES (1,1)
INSERT INTO `IntExtColor` (`int_color_id`,`ext_color_id`) VALUES (1,2)
INSERT INTO `IntExtColor` (`int_color_id`,`ext_color_id`) VALUES (1,3)
INSERT INTO `IntExtColor` (`ext_color_id`,`int_color_id`) VALUES (4,1)
INSERT INTO `IntExtColor` (`int_color_id`,`ext_color_id`) VALUES (1,5)
INSERT INTO `IntExtColor` (`ext_color_id`,`int_color_id`) VALUES (6,1)
INSERT INTO `IntExtColor` (`int_color_id`,`ext_color_id`) VALUES (1,7)
INSERT INTO `IntExtColor` (`ext_color_id`,`int_color_id`) VALUES (8,1)
INSERT INTO `IntExtColor` (`int_color_id`,`ext_color_id`) VALUES (1,9)
INSERT INTO `IntExtColor` (`ext_color_id`,`int_color_id`) VALUES (1,2)
INSERT INTO `IntExtColor` (`ext_color_id`,`int_color_id`) VALUES (2,2)
INSERT INTO `IntExtColor` (`int_color_id`,`ext_color_id`) VALUES (2,3)
INSERT INTO `IntExtColor` (`int_color_id`,`ext_color_id`) VALUES (2,6)
INSERT INTO `IntExtColor` (`ext_color_id`,`int_color_id`) VALUES (7,2)
INSERT INTO `IntExtColor` (`ext_color_id`,`int_color_id`) VALUES (8,2)
INSERT INTO `IntExtColor` (`int_color_id`,`ext_color_id`) VALUES (3,1)
INSERT INTO `IntExtColor` (`ext_color_id`,`int_color_id`) VALUES (2,3)
INSERT INTO `IntExtColor` (`ext_color_id`,`int_color_id`) VALUES (3,3)
INSERT INTO `IntExtColor` (`int_color_id`,`ext_color_id`) VALUES (3,4)
INSERT INTO `IntExtColor` (`ext_color_id`,`int_color_id`) VALUES (5,3)
INSERT INTO `IntExtColor` (`int_color_id`,`ext_color_id`) VALUES (3,6)
INSERT INTO `IntExtColor` (`int_color_id`,`ext_color_id`) VALUES (3,7)
INSERT INTO `IntExtColor` (`ext_color_id`,`int_color_id`) VALUES (8,3)
INSERT INTO `IntExtColor` (`ext_color_id`,`int_color_id`) VALUES (10,4)
INSERT INTO `IntExtColor` (`ext_color_id`,`int_color_id`) VALUES (11,4)
INSERT INTO `IntExtColor` (`ext_color_id`,`int_color_id`) VALUES (12,4)
INSERT INTO `IntExtColor` (`int_color_id`,`ext_color_id`) VALUES (4,1)
INSERT INTO `IntExtColor` (`int_color_id`,`ext_color_id`) VALUES (4,13)
INSERT INTO `IntExtColor` (`ext_color_id`,`int_color_id`) VALUES (14,4)
INSERT INTO `IntExtColor` (`int_color_id`,`ext_color_id`) VALUES (4,15)
INSERT INTO `IntExtColor` (`int_color_id`,`ext_color_id`) VALUES (5,10)
INSERT INTO `IntExtColor` (`int_color_id`,`ext_color_id`) VALUES (5,11)
INSERT INTO `IntExtColor` (`int_color_id`,`ext_color_id`) VALUES (5,12)
INSERT INTO `IntExtColor` (`int_color_id`,`ext_color_id`) VALUES (5,1)
INSERT INTO `IntExtColor` (`ext_color_id`,`int_color_id`) VALUES (13,5)
INSERT INTO `IntExtColor` (`int_color_id`,`ext_color_id`) VALUES (5,14)
INSERT INTO `IntExtColor` (`int_color_id`,`ext_color_id`) VALUES (5,15)
INSERT INTO `IntExtColor` (`ext_color_id`,`int_color_id`) VALUES (10,6)
INSERT INTO `IntExtColor` (`ext_color_id`,`int_color_id`) VALUES (11,6)
INSERT INTO `IntExtColor` (`int_color_id`,`ext_color_id`) VALUES (6,12)
INSERT INTO `IntExtColor` (`ext_color_id`,`int_color_id`) VALUES (1,6)
INSERT INTO `IntExtColor` (`ext_color_id`,`int_color_id`) VALUES (13,6)
INSERT INTO `IntExtColor` (`ext_color_id`,`int_color_id`) VALUES (14,6)
INSERT INTO `IntExtColor` (`int_color_id`,`ext_color_id`) VALUES (6,15)
INSERT INTO `IntExtColor` (`int_color_id`,`ext_color_id`) VALUES (7,11)
INSERT INTO `IntExtColor` (`ext_color_id`,`int_color_id`) VALUES (12,7)
INSERT INTO `IntExtColor` (`ext_color_id`,`int_color_id`) VALUES (13,7)
INSERT INTO `IntExtColor` (`int_color_id`,`ext_color_id`) VALUES (7,14)
INSERT INTO `IntExtColor` (`ext_color_id`,`int_color_id`) VALUES (15,7)
INSERT INTO `IntExtColor` (`int_color_id`,`ext_color_id`) VALUES (9,10)
INSERT INTO `IntExtColor` (`ext_color_id`,`int_color_id`) VALUES (11,9)
INSERT INTO `IntExtColor` (`int_color_id`,`ext_color_id`) VALUES (9,12)
INSERT INTO `IntExtColor` (`ext_color_id`,`int_color_id`) VALUES (1,9)
INSERT INTO `IntExtColor` (`ext_color_id`,`int_color_id`) VALUES (13,9)
INSERT INTO `IntExtColor` (`ext_color_id`,`int_color_id`) VALUES (15,9)


INSERT INTO `CarTrimIntColor` (`trim_id`,`int_color_id`,`car_id`) VALUES (1,1,1)
INSERT INTO `CarTrimIntColor` (`car_id`,`int_color_id`,`trim_id`) VALUES (1,1,2)
INSERT INTO `CarTrimIntColor` (`trim_id`,`int_color_id`,`car_id`) VALUES (2,2,1)
INSERT INTO `CarTrimIntColor` (`trim_id`,`int_color_id`,`car_id`) VALUES (4,1,1)
INSERT INTO `CarTrimIntColor` (`int_color_id`,`trim_id`,`car_id`) VALUES (2,4,1)
INSERT INTO `CarTrimIntColor` (`car_id`,`trim_id`,`int_color_id`) VALUES (1,4,3)
INSERT INTO `CarTrimIntColor` (`int_color_id`,`trim_id`,`car_id`) VALUES (4,2,2)
INSERT INTO `CarTrimIntColor` (`trim_id`,`int_color_id`,`car_id`) VALUES (3,4,2)
INSERT INTO `CarTrimIntColor` (`trim_id`,`int_color_id`,`car_id`) VALUES (3,5,2)
INSERT INTO `CarTrimIntColor` (`int_color_id`,`car_id`,`trim_id`) VALUES (6,2,3)
INSERT INTO `CarTrimIntColor` (`int_color_id`,`trim_id`,`car_id`) VALUES (5,4,2)
INSERT INTO `CarTrimIntColor` (`trim_id`,`car_id`,`int_color_id`) VALUES (4,2,6)
INSERT INTO `CarTrimIntColor` (`int_color_id`,`trim_id`,`car_id`) VALUES (7,4,2)
INSERT INTO `CarTrimIntColor` (`int_color_id`,`car_id`,`trim_id`) VALUES (9,2,4)


INSERT INTO `Option` (`option_code`,`option_name`,`option_price`) VALUES ('CV1','컨비니언스 Ⅰ',700000)
INSERT INTO `Option` (`option_price`,`option_code`,`option_name`) VALUES (800000,'IFN','인포테인먼트 내비')
INSERT INTO `Option` (`option_name`,`option_code`,`option_price`) VALUES ('하이패스+ECM 룸미러','HER',250000)
INSERT INTO `Option` (`option_price`,`option_code`,`option_name`) VALUES (700000,'HS3','현대 스마트센스 Ⅲ')
INSERT INTO `Option` (`option_price`,`option_name`,`option_code`) VALUES (500000,'17인치 알로이 휠 & 타이어 Ⅰ','AT1')
INSERT INTO `Option` (`option_name`,`option_code`,`option_price`) VALUES ('세이지 그린 인테리어 컬러','SGI',150000)
INSERT INTO `Option` (`option_price`,`option_name`,`option_code`) VALUES (450000,'선루프','SRF')
INSERT INTO `Option` (`option_code`,`option_name`,`option_price`) VALUES ('PAP','파킹 어시스트 플러스',1300000)
INSERT INTO `Option` (`option_name`,`option_code`,`option_price`) VALUES ('현대 스마트센스 Ⅰ','HS1',950000)
INSERT INTO `Option` (`option_code`,`option_name`,`option_price`) VALUES ('CM1','컴포트 Ⅰ',1150000)
INSERT INTO `Option` (`option_code`,`option_name`,`option_price`) VALUES ('CM2','컴포트 Ⅱ',1000000)
INSERT INTO `Option` (`option_price`,`option_name`,`option_code`) VALUES (450000,'익스테리어 디자인','EXD')
INSERT INTO `Option` (`option_name`,`option_code`,`option_price`) VALUES ('17인치 알로이 휠 & 타이어 Ⅱ','AT2',300000)
INSERT INTO `Option` (`option_name`,`option_code`,`option_price`) VALUES ('빌트인 캠(보조배터리 포함)','BIC',700000)
INSERT INTO `Option` (`option_code`,`option_price`,`option_name`) VALUES ('ID1',250000,'인테리어디자인 Ⅰ')
INSERT INTO `Option` (`option_price`,`option_code`,`option_name`) VALUES (1300000,'MN1','멀티미디어 내비 Ⅰ')
INSERT INTO `Option` (`option_code`,`option_name`,`option_price`) VALUES ('CON','컨비니언스',550000)
INSERT INTO `Option` (`option_name`,`option_code`,`option_price`) VALUES ('현대 스마트센스','HSS',900000)
INSERT INTO `Option` (`option_price`,`option_name`,`option_code`) VALUES (700000,'익스테리어 Ⅰ','EX1')
INSERT INTO `Option` (`option_code`,`option_price`,`option_name`) VALUES ('E1P',950000,'익스테리어 Ⅰ 플러스')
INSERT INTO `Option` (`option_name`,`option_code`,`option_price`) VALUES ('파노라마 선루프 + 루프랙 + LED 실내등(맵램프,룸램프)','PRL',1250000)
INSERT INTO `Option` (`option_code`,`option_name`,`option_price`) VALUES ('HEC','하이패스+ ECM 룸미러',250000)
INSERT INTO `Option` (`option_name`,`option_price`,`option_code`) VALUES ('인테리어디자인 Ⅱ',600000,'ID2')
INSERT INTO `Option` (`option_price`,`option_code`,`option_name`) VALUES (2250000,'PL1','플래티넘 Ⅰ')
INSERT INTO `Option` (`option_price`,`option_code`,`option_name`) VALUES (2550000,'PL2','플래티넘 Ⅱ')
INSERT INTO `Option` (`option_price`,`option_code`,`option_name`) VALUES (650000,'BIC2','빌트인 캠(보조배터리 포함)')
INSERT INTO `Option` (`option_name`,`option_code`,`option_price`) VALUES ('컴포트','COM',1150000)
INSERT INTO `Option` (`option_code`,`option_name`,`option_price`) VALUES ('EX2','익스테리어 Ⅱ',700000)
INSERT INTO `Option` (`option_price`,`option_name`,`option_code`) VALUES (1150000,'파노라마 선루프 + LED 실내등(맵램프,룸램프)','PSL')
INSERT INTO `Option` (`option_price`,`option_code`,`option_name`) VALUES (800000,'AVP','어드벤처패키지')
INSERT INTO `Option` (`option_name`,`option_price`,`option_code`) VALUES ('파노라마 선루프',1100000,'PSF')
INSERT INTO `Option` (`option_price`,`option_name`,`option_code`) VALUES (1500000,'플래티넘 Ⅲ','PL3')
INSERT INTO `Option` (`option_code`,`option_name`,`option_price`) VALUES ('PL4','플래티넘 Ⅳ',1800000)


INSERT INTO `CarModelOption` (`option_id`,`model_id`) VALUES (1,1)
INSERT INTO `CarModelOption` (`model_id`,`option_id`) VALUES (1,2)
INSERT INTO `CarModelOption` (`model_id`,`option_id`) VALUES (1,3)
INSERT INTO `CarModelOption` (`model_id`,`option_id`) VALUES (1,4)
INSERT INTO `CarModelOption` (`option_id`,`model_id`) VALUES (5,1)
INSERT INTO `CarModelOption` (`model_id`,`option_id`) VALUES (4,1)
INSERT INTO `CarModelOption` (`option_id`,`model_id`) VALUES (2,4)
INSERT INTO `CarModelOption` (`option_id`,`model_id`) VALUES (3,4)
INSERT INTO `CarModelOption` (`model_id`,`option_id`) VALUES (4,4)
INSERT INTO `CarModelOption` (`option_id`,`model_id`) VALUES (5,4)
INSERT INTO `CarModelOption` (`model_id`,`option_id`) VALUES (2,6)
INSERT INTO `CarModelOption` (`option_id`,`model_id`) VALUES (7,2)
INSERT INTO `CarModelOption` (`model_id`,`option_id`) VALUES (2,3)
INSERT INTO `CarModelOption` (`option_id`,`model_id`) VALUES (8,2)
INSERT INTO `CarModelOption` (`option_id`,`model_id`) VALUES (9,2)
INSERT INTO `CarModelOption` (`option_id`,`model_id`) VALUES (10,2)
INSERT INTO `CarModelOption` (`option_id`,`model_id`) VALUES (12,2)
INSERT INTO `CarModelOption` (`model_id`,`option_id`) VALUES (2,13)
INSERT INTO `CarModelOption` (`option_id`,`model_id`) VALUES (6,5)
INSERT INTO `CarModelOption` (`model_id`,`option_id`) VALUES (5,7)
INSERT INTO `CarModelOption` (`model_id`,`option_id`) VALUES (5,3)
INSERT INTO `CarModelOption` (`option_id`,`model_id`) VALUES (8,5)
INSERT INTO `CarModelOption` (`option_id`,`model_id`) VALUES (9,5)
INSERT INTO `CarModelOption` (`model_id`,`option_id`) VALUES (5,10)
INSERT INTO `CarModelOption` (`option_id`,`model_id`) VALUES (12,5)
INSERT INTO `CarModelOption` (`model_id`,`option_id`) VALUES (5,13)
INSERT INTO `CarModelOption` (`model_id`,`option_id`) VALUES (3,6)
INSERT INTO `CarModelOption` (`model_id`,`option_id`) VALUES (3,7)
INSERT INTO `CarModelOption` (`option_id`,`model_id`) VALUES (13,3)
INSERT INTO `CarModelOption` (`option_id`,`model_id`) VALUES (6,6)
INSERT INTO `CarModelOption` (`model_id`,`option_id`) VALUES (6,7)
INSERT INTO `CarModelOption` (`model_id`,`option_id`) VALUES (6,13)
INSERT INTO `CarModelOption` (`model_id`,`option_id`) VALUES (7,15)
INSERT INTO `CarModelOption` (`model_id`,`option_id`) VALUES (7,16)
INSERT INTO `CarModelOption` (`model_id`,`option_id`) VALUES (7,17)
INSERT INTO `CarModelOption` (`model_id`,`option_id`) VALUES (7,18)
INSERT INTO `CarModelOption` (`option_id`,`model_id`) VALUES (19,7)
INSERT INTO `CarModelOption` (`model_id`,`option_id`) VALUES (7,20)
INSERT INTO `CarModelOption` (`model_id`,`option_id`) VALUES (7,21)
INSERT INTO `CarModelOption` (`model_id`,`option_id`) VALUES (7,22)
INSERT INTO `CarModelOption` (`model_id`,`option_id`) VALUES (10,15)
INSERT INTO `CarModelOption` (`model_id`,`option_id`) VALUES (10,16)
INSERT INTO `CarModelOption` (`option_id`,`model_id`) VALUES (17,10)
INSERT INTO `CarModelOption` (`option_id`,`model_id`) VALUES (18,10)
INSERT INTO `CarModelOption` (`option_id`,`model_id`) VALUES (19,10)
INSERT INTO `CarModelOption` (`model_id`,`option_id`) VALUES (10,20)
INSERT INTO `CarModelOption` (`option_id`,`model_id`) VALUES (21,10)
INSERT INTO `CarModelOption` (`option_id`,`model_id`) VALUES (22,10)
INSERT INTO `CarModelOption` (`option_id`,`model_id`) VALUES (15,13)
INSERT INTO `CarModelOption` (`model_id`,`option_id`) VALUES (13,16)
INSERT INTO `CarModelOption` (`model_id`,`option_id`) VALUES (13,17)
INSERT INTO `CarModelOption` (`model_id`,`option_id`) VALUES (13,18)
INSERT INTO `CarModelOption` (`option_id`,`model_id`) VALUES (19,13)
INSERT INTO `CarModelOption` (`model_id`,`option_id`) VALUES (13,20)
INSERT INTO `CarModelOption` (`option_id`,`model_id`) VALUES (21,13)
INSERT INTO `CarModelOption` (`model_id`,`option_id`) VALUES (13,22)
INSERT INTO `CarModelOption` (`option_id`,`model_id`) VALUES (15,16)
INSERT INTO `CarModelOption` (`option_id`,`model_id`) VALUES (16,16)
INSERT INTO `CarModelOption` (`model_id`,`option_id`) VALUES (16,17)
INSERT INTO `CarModelOption` (`option_id`,`model_id`) VALUES (18,16)
INSERT INTO `CarModelOption` (`model_id`,`option_id`) VALUES (16,19)
INSERT INTO `CarModelOption` (`model_id`,`option_id`) VALUES (16,20)
INSERT INTO `CarModelOption` (`option_id`,`model_id`) VALUES (21,16)
INSERT INTO `CarModelOption` (`model_id`,`option_id`) VALUES (16,22)
INSERT INTO `CarModelOption` (`option_id`,`model_id`) VALUES (23,8)
INSERT INTO `CarModelOption` (`model_id`,`option_id`) VALUES (8,25)
INSERT INTO `CarModelOption` (`option_id`,`model_id`) VALUES (18,8)
INSERT INTO `CarModelOption` (`option_id`,`model_id`) VALUES (26,8)
INSERT INTO `CarModelOption` (`option_id`,`model_id`) VALUES (27,8)
INSERT INTO `CarModelOption` (`model_id`,`option_id`) VALUES (8,28)
INSERT INTO `CarModelOption` (`model_id`,`option_id`) VALUES (8,29)
INSERT INTO `CarModelOption` (`option_id`,`model_id`) VALUES (23,11)
INSERT INTO `CarModelOption` (`model_id`,`option_id`) VALUES (11,25)
INSERT INTO `CarModelOption` (`option_id`,`model_id`) VALUES (18,11)
INSERT INTO `CarModelOption` (`option_id`,`model_id`) VALUES (26,11)
INSERT INTO `CarModelOption` (`model_id`,`option_id`) VALUES (11,27)
INSERT INTO `CarModelOption` (`model_id`,`option_id`) VALUES (11,28)
INSERT INTO `CarModelOption` (`model_id`,`option_id`) VALUES (11,29)
INSERT INTO `CarModelOption` (`model_id`,`option_id`) VALUES (14,23)
INSERT INTO `CarModelOption` (`model_id`,`option_id`) VALUES (14,24)
INSERT INTO `CarModelOption` (`option_id`,`model_id`) VALUES (18,14)
INSERT INTO `CarModelOption` (`option_id`,`model_id`) VALUES (26,14)
INSERT INTO `CarModelOption` (`option_id`,`model_id`) VALUES (27,14)
INSERT INTO `CarModelOption` (`model_id`,`option_id`) VALUES (14,28)
INSERT INTO `CarModelOption` (`option_id`,`model_id`) VALUES (29,14)
INSERT INTO `CarModelOption` (`option_id`,`model_id`) VALUES (23,17)
INSERT INTO `CarModelOption` (`option_id`,`model_id`) VALUES (24,17)
INSERT INTO `CarModelOption` (`option_id`,`model_id`) VALUES (18,17)
INSERT INTO `CarModelOption` (`model_id`,`option_id`) VALUES (17,26)
INSERT INTO `CarModelOption` (`model_id`,`option_id`) VALUES (17,27)
INSERT INTO `CarModelOption` (`model_id`,`option_id`) VALUES (17,28)
INSERT INTO `CarModelOption` (`model_id`,`option_id`) VALUES (17,29)
INSERT INTO `CarModelOption` (`option_id`,`model_id`) VALUES (30,9)
INSERT INTO `CarModelOption` (`model_id`,`option_id`) VALUES (9,31)
INSERT INTO `CarModelOption` (`model_id`,`option_id`) VALUES (9,26)
INSERT INTO `CarModelOption` (`model_id`,`option_id`) VALUES (9,33)
INSERT INTO `CarModelOption` (`option_id`,`model_id`) VALUES (30,12)
INSERT INTO `CarModelOption` (`model_id`,`option_id`) VALUES (12,31)
INSERT INTO `CarModelOption` (`option_id`,`model_id`) VALUES (26,12)
INSERT INTO `CarModelOption` (`model_id`,`option_id`) VALUES (12,33)
INSERT INTO `CarModelOption` (`model_id`,`option_id`) VALUES (15,30)
INSERT INTO `CarModelOption` (`option_id`,`model_id`) VALUES (31,15)
INSERT INTO `CarModelOption` (`option_id`,`model_id`) VALUES (26,15)
INSERT INTO `CarModelOption` (`model_id`,`option_id`) VALUES (15,32)
INSERT INTO `CarModelOption` (`option_id`,`model_id`) VALUES (30,18)
INSERT INTO `CarModelOption` (`option_id`,`model_id`) VALUES (31,18)
INSERT INTO `CarModelOption` (`model_id`,`option_id`) VALUES (18,26)
INSERT INTO `CarModelOption` (`model_id`,`option_id`) VALUES (18,32)


INSERT INTO `AutoChoiceOption` (`option_id`,`int_color_id`) VALUES (6,2)


INSERT INTO `RequiredOption` (`option_id`,`required_option_id`) VALUES (2,1)


INSERT INTO `DisabledOption` (`disabled_option_id`,`option_id`) VALUES (22,16)
INSERT INTO `DisabledOption` (`option_id`,`disabled_option_id`) VALUES (22,16)


INSERT INTO `Tuix` (`tuix_price`,`tuix_code`,`tuix_name`) VALUES (320000,'NX0002','LED 라이팅 패키지 (선루프,
  인스퍼레이션 전용)')
INSERT INTO `Tuix` (`tuix_name`,`tuix_code`,`tuix_price`) VALUES ('러기지 패키지','NX0004',120000)
INSERT INTO `Tuix` (`tuix_code`,`tuix_price`,`tuix_name`) VALUES ('NX0008',340000,'사이드스텝')
INSERT INTO `Tuix` (`tuix_price`,`tuix_code`,`tuix_name`) VALUES (300000,'NX0009','적외선 무릎 워머')
INSERT INTO `Tuix` (`tuix_price`,`tuix_code`,`tuix_name`) VALUES (230000,'NX0005','프로텍션 매트 패키지')
INSERT INTO `Tuix` (`tuix_price`,`tuix_name`,`tuix_code`) VALUES (1150000,'[N퍼포먼스파츠] 19인치 매트 블랙 경량휠','NX3857')
INSERT INTO `Tuix` (`tuix_price`,`tuix_code`,`tuix_name`) VALUES (2250000,'NX3858','[N퍼포먼스파츠] 모노블록 브레이크+19인치 매트 블랙 경량휠 패키지')
INSERT INTO `Tuix` (`tuix_name`,`tuix_code`,`tuix_price`) VALUES ('빌트인 공기 청정기','NX0003',400000)
INSERT INTO `Tuix` (`tuix_price`,`tuix_code`,`tuix_name`) VALUES (340000,'NX3855','어드벤처 전용 사이드 스텝')


INSERT INTO `CarModelTuix` (`model_id`,`tuix_id`) VALUES (7,1)
INSERT INTO `CarModelTuix` (`tuix_id`,`model_id`) VALUES (2,7)
INSERT INTO `CarModelTuix` (`model_id`,`tuix_id`) VALUES (7,3)
INSERT INTO `CarModelTuix` (`model_id`,`tuix_id`) VALUES (7,4)
INSERT INTO `CarModelTuix` (`model_id`,`tuix_id`) VALUES (7,5)
INSERT INTO `CarModelTuix` (`model_id`,`tuix_id`) VALUES (7,6)
INSERT INTO `CarModelTuix` (`tuix_id`,`model_id`) VALUES (7,7)
INSERT INTO `CarModelTuix` (`tuix_id`,`model_id`) VALUES (1,10)
INSERT INTO `CarModelTuix` (`model_id`,`tuix_id`) VALUES (10,2)
INSERT INTO `CarModelTuix` (`model_id`,`tuix_id`) VALUES (10,3)
INSERT INTO `CarModelTuix` (`model_id`,`tuix_id`) VALUES (10,4)
INSERT INTO `CarModelTuix` (`tuix_id`,`model_id`) VALUES (5,10)
INSERT INTO `CarModelTuix` (`tuix_id`,`model_id`) VALUES (6,10)
INSERT INTO `CarModelTuix` (`model_id`,`tuix_id`) VALUES (10,7)
INSERT INTO `CarModelTuix` (`model_id`,`tuix_id`) VALUES (13,1)
INSERT INTO `CarModelTuix` (`model_id`,`tuix_id`) VALUES (13,2)
INSERT INTO `CarModelTuix` (`tuix_id`,`model_id`) VALUES (3,13)
INSERT INTO `CarModelTuix` (`tuix_id`,`model_id`) VALUES (4,13)
INSERT INTO `CarModelTuix` (`model_id`,`tuix_id`) VALUES (13,5)
INSERT INTO `CarModelTuix` (`model_id`,`tuix_id`) VALUES (13,6)
INSERT INTO `CarModelTuix` (`tuix_id`,`model_id`) VALUES (7,13)
INSERT INTO `CarModelTuix` (`tuix_id`,`model_id`) VALUES (1,16)
INSERT INTO `CarModelTuix` (`tuix_id`,`model_id`) VALUES (2,16)
INSERT INTO `CarModelTuix` (`model_id`,`tuix_id`) VALUES (16,3)
INSERT INTO `CarModelTuix` (`tuix_id`,`model_id`) VALUES (4,16)
INSERT INTO `CarModelTuix` (`tuix_id`,`model_id`) VALUES (5,16)
INSERT INTO `CarModelTuix` (`tuix_id`,`model_id`) VALUES (6,16)
INSERT INTO `CarModelTuix` (`tuix_id`,`model_id`) VALUES (7,16)
INSERT INTO `CarModelTuix` (`model_id`,`tuix_id`) VALUES (8,1)
INSERT INTO `CarModelTuix` (`model_id`,`tuix_id`) VALUES (8,2)
INSERT INTO `CarModelTuix` (`model_id`,`tuix_id`) VALUES (8,3)
INSERT INTO `CarModelTuix` (`tuix_id`,`model_id`) VALUES (4,8)
INSERT INTO `CarModelTuix` (`tuix_id`,`model_id`) VALUES (5,8)
INSERT INTO `CarModelTuix` (`tuix_id`,`model_id`) VALUES (8,8)
INSERT INTO `CarModelTuix` (`model_id`,`tuix_id`) VALUES (8,6)
INSERT INTO `CarModelTuix` (`tuix_id`,`model_id`) VALUES (7,8)
INSERT INTO `CarModelTuix` (`tuix_id`,`model_id`) VALUES (1,11)
INSERT INTO `CarModelTuix` (`tuix_id`,`model_id`) VALUES (2,11)
INSERT INTO `CarModelTuix` (`tuix_id`,`model_id`) VALUES (3,11)
INSERT INTO `CarModelTuix` (`model_id`,`tuix_id`) VALUES (11,4)
INSERT INTO `CarModelTuix` (`model_id`,`tuix_id`) VALUES (11,5)
INSERT INTO `CarModelTuix` (`model_id`,`tuix_id`) VALUES (11,8)
INSERT INTO `CarModelTuix` (`model_id`,`tuix_id`) VALUES (11,6)
INSERT INTO `CarModelTuix` (`tuix_id`,`model_id`) VALUES (7,11)
INSERT INTO `CarModelTuix` (`model_id`,`tuix_id`) VALUES (14,1)
INSERT INTO `CarModelTuix` (`tuix_id`,`model_id`) VALUES (2,14)
INSERT INTO `CarModelTuix` (`model_id`,`tuix_id`) VALUES (14,3)
INSERT INTO `CarModelTuix` (`tuix_id`,`model_id`) VALUES (4,14)
INSERT INTO `CarModelTuix` (`model_id`,`tuix_id`) VALUES (14,5)
INSERT INTO `CarModelTuix` (`tuix_id`,`model_id`) VALUES (8,14)
INSERT INTO `CarModelTuix` (`model_id`,`tuix_id`) VALUES (14,6)
INSERT INTO `CarModelTuix` (`model_id`,`tuix_id`) VALUES (14,7)
INSERT INTO `CarModelTuix` (`tuix_id`,`model_id`) VALUES (1,17)
INSERT INTO `CarModelTuix` (`tuix_id`,`model_id`) VALUES (2,17)
INSERT INTO `CarModelTuix` (`tuix_id`,`model_id`) VALUES (3,17)
INSERT INTO `CarModelTuix` (`tuix_id`,`model_id`) VALUES (4,17)
INSERT INTO `CarModelTuix` (`model_id`,`tuix_id`) VALUES (17,5)
INSERT INTO `CarModelTuix` (`tuix_id`,`model_id`) VALUES (8,17)
INSERT INTO `CarModelTuix` (`model_id`,`tuix_id`) VALUES (17,6)
INSERT INTO `CarModelTuix` (`model_id`,`tuix_id`) VALUES (17,7)
INSERT INTO `CarModelTuix` (`tuix_id`,`model_id`) VALUES (1,9)
INSERT INTO `CarModelTuix` (`tuix_id`,`model_id`) VALUES (2,9)
INSERT INTO `CarModelTuix` (`model_id`,`tuix_id`) VALUES (9,3)
INSERT INTO `CarModelTuix` (`model_id`,`tuix_id`) VALUES (9,4)
INSERT INTO `CarModelTuix` (`model_id`,`tuix_id`) VALUES (9,5)
INSERT INTO `CarModelTuix` (`tuix_id`,`model_id`) VALUES (8,9)
INSERT INTO `CarModelTuix` (`tuix_id`,`model_id`) VALUES (6,9)
INSERT INTO `CarModelTuix` (`tuix_id`,`model_id`) VALUES (7,9)
INSERT INTO `CarModelTuix` (`model_id`,`tuix_id`) VALUES (9,9)
INSERT INTO `CarModelTuix` (`tuix_id`,`model_id`) VALUES (1,12)
INSERT INTO `CarModelTuix` (`model_id`,`tuix_id`) VALUES (12,2)
INSERT INTO `CarModelTuix` (`model_id`,`tuix_id`) VALUES (12,3)
INSERT INTO `CarModelTuix` (`model_id`,`tuix_id`) VALUES (12,4)
INSERT INTO `CarModelTuix` (`model_id`,`tuix_id`) VALUES (12,5)
INSERT INTO `CarModelTuix` (`model_id`,`tuix_id`) VALUES (12,8)
INSERT INTO `CarModelTuix` (`model_id`,`tuix_id`) VALUES (12,6)
INSERT INTO `CarModelTuix` (`model_id`,`tuix_id`) VALUES (12,7)
INSERT INTO `CarModelTuix` (`model_id`,`tuix_id`) VALUES (12,9)
INSERT INTO `CarModelTuix` (`tuix_id`,`model_id`) VALUES (1,15)
INSERT INTO `CarModelTuix` (`tuix_id`,`model_id`) VALUES (2,15)
INSERT INTO `CarModelTuix` (`tuix_id`,`model_id`) VALUES (3,15)
INSERT INTO `CarModelTuix` (`tuix_id`,`model_id`) VALUES (4,15)
INSERT INTO `CarModelTuix` (`model_id`,`tuix_id`) VALUES (15,5)
INSERT INTO `CarModelTuix` (`tuix_id`,`model_id`) VALUES (8,15)
INSERT INTO `CarModelTuix` (`tuix_id`,`model_id`) VALUES (6,15)
INSERT INTO `CarModelTuix` (`model_id`,`tuix_id`) VALUES (15,7)
INSERT INTO `CarModelTuix` (`model_id`,`tuix_id`) VALUES (15,9)
INSERT INTO `CarModelTuix` (`tuix_id`,`model_id`) VALUES (1,18)
INSERT INTO `CarModelTuix` (`tuix_id`,`model_id`) VALUES (2,18)
INSERT INTO `CarModelTuix` (`model_id`,`tuix_id`) VALUES (18,3)
INSERT INTO `CarModelTuix` (`model_id`,`tuix_id`) VALUES (18,4)
INSERT INTO `CarModelTuix` (`model_id`,`tuix_id`) VALUES (18,5)
INSERT INTO `CarModelTuix` (`model_id`,`tuix_id`) VALUES (18,8)
INSERT INTO `CarModelTuix` (`model_id`,`tuix_id`) VALUES (18,6)
INSERT INTO `CarModelTuix` (`model_id`,`tuix_id`) VALUES (18,7)
INSERT INTO `CarModelTuix` (`model_id`,`tuix_id`) VALUES (18,9)


INSERT INTO `DisabledTuix` (`disabled_tuix_id`,`tuix_id`) VALUES (7,6)
INSERT INTO `DisabledTuix` (`disabled_tuix_id`,`tuix_id`) VALUES (6,7)


INSERT INTO `TuixRequiredOption` (`tuix_id`,`option_id`) VALUES (1,21)
INSERT INTO `TuixRequiredOption` (`tuix_id`,`option_id`) VALUES (1,29)
INSERT INTO `TuixRequiredOption` (`option_id`,`tuix_id`) VALUES (31,1)
INSERT INTO `TuixRequiredOption` (`option_id`,`tuix_id`) VALUES (20,6)
INSERT INTO `TuixRequiredOption` (`tuix_id`,`option_id`) VALUES (7,20)
INSERT INTO `TuixRequiredOption` (`tuix_id`,`option_id`) VALUES (6,28)
INSERT INTO `TuixRequiredOption` (`tuix_id`,`option_id`) VALUES (7,28)
