INSERT INTO `CarType` (`car_type_code`,`car_type_name`) VALUES ('S','승용')
INSERT INTO `CarType` (`car_type_code`,`car_type_name`) VALUES ('J','SUV')


INSERT INTO `Car` (`car_image_path`,`car_code`,`car_type_id`,`car_name`) VALUES ('/images/car/CN12.png','CN12',1,'더 뉴 아반떼')
INSERT INTO `Car` (`car_name`,`car_image_path`,`car_type_id`,`car_code`) VALUES ('투싼','/images/car/NX05.png',2,'NX05')


INSERT INTO `Engine` (`engine_name`,`engine_code`) VALUES ('가솔린 1.6','R')
INSERT INTO `Engine` (`engine_name`,`engine_code`) VALUES ('LPG 1.6','L')
INSERT INTO `Engine` (`engine_name`,`engine_code`) VALUES ('디젤','D')
INSERT INTO `Engine` (`engine_code`,`engine_name`) VALUES ('T','1.6 가솔린 터보')


INSERT INTO `Mission` (`mission_name`,`mission_code`) VALUES ('A/T','T')
INSERT INTO `Mission` (`mission_name`,`mission_code`) VALUES ('A/T','A,T')
INSERT INTO `Mission` (`mission_code`,`mission_name`) VALUES ('D,H','DCT')


INSERT INTO `Drive` (`drive_name`,`drive_code`) VALUES ('2WD','D,T')
INSERT INTO `Drive` (`drive_name`,`drive_code`) VALUES ('4WD','A,H')


INSERT INTO `Trim` (`trim_name`,`trim_code`) VALUES ('Smart','B')
INSERT INTO `Trim` (`trim_code`,`trim_name`) VALUES ('D','Modern')
INSERT INTO `Trim` (`trim_code`,`trim_name`) VALUES ('C','Premium')
INSERT INTO `Trim` (`trim_code`,`trim_name`) VALUES ('P','Inspiration')


INSERT INTO `CarEngine` (`engine_id`,`car_id`) VALUES (1,1)
INSERT INTO `CarEngine` (`engine_id`,`car_id`) VALUES (2,1)
INSERT INTO `CarEngine` (`car_id`,`engine_id`) VALUES (2,3)
INSERT INTO `CarEngine` (`car_id`,`engine_id`) VALUES (2,4)


INSERT INTO `CarMission` (`mission_id`,`car_id`) VALUES (1,1)
INSERT INTO `CarMission` (`mission_id`,`car_id`) VALUES (2,2)
INSERT INTO `CarMission` (`car_id`,`mission_id`) VALUES (2,3)


INSERT INTO `CarDrive` (`car_id`,`drive_id`) VALUES (2,1)
INSERT INTO `CarDrive` (`drive_id`,`car_id`) VALUES (2,2)


INSERT INTO `CarTrim` (`car_id`,`trim_id`) VALUES (1,1)
INSERT INTO `CarTrim` (`car_id`,`trim_id`) VALUES (1,2)
INSERT INTO `CarTrim` (`trim_id`,`car_id`) VALUES (4,1)
INSERT INTO `CarTrim` (`car_id`,`trim_id`) VALUES (2,2)
INSERT INTO `CarTrim` (`trim_id`,`car_id`) VALUES (3,2)
INSERT INTO `CarTrim` (`trim_id`,`car_id`) VALUES (4,2)


INSERT INTO `CarModel` (`drive_id`,`model_image_path`,`trim_id`,`model_code`,`car_id`,`mission_id`,`engine_id`,`model_price`,`model_name`) VALUES (null,'/images/model/CN12-smart.png',1,'CNJS4RBT3',1,1,1,19750000,'더 뉴 아반떼 가솔린 1.6 Smart A/T')
INSERT INTO `CarModel` (`car_id`,`model_name`,`model_code`,`mission_id`,`model_price`,`model_image_path`,`engine_id`,`drive_id`,`trim_id`) VALUES (1,'더 뉴 아반떼 가솔린 1.6 Modern A/T','CNJS4RDT3',1,22730000,'/images/model/CN12-modern.png',1,null,2)
INSERT INTO `CarModel` (`trim_id`,`model_code`,`model_price`,`drive_id`,`engine_id`,`mission_id`,`car_id`,`model_image_path`,`model_name`) VALUES (4,'CNJS4RGT3',26910000,null,1,1,1,'/images/model/CN12-inspiration.png','더 뉴 아반떼 가솔린 1.6 Inspiration A/T')
INSERT INTO `CarModel` (`model_name`,`model_image_path`,`car_id`,`engine_id`,`model_price`,`mission_id`,`model_code`,`trim_id`,`drive_id`) VALUES ('더 뉴 아반떼 LPG 1.6 Smart A/T','/images/model/CN12-smart.png',1,2,21150000,1,'CNJS4LBT3',1,null)
INSERT INTO `CarModel` (`model_name`,`trim_id`,`drive_id`,`mission_id`,`model_code`,`car_id`,`model_image_path`,`engine_id`,`model_price`) VALUES ('더 뉴 아반떼 LPG 1.6 Modern A/T',2,null,1,'CNJS4LDT3',1,'/images/model/CN12-modern.png',2,24120000)
INSERT INTO `CarModel` (`drive_id`,`mission_id`,`model_price`,`model_image_path`,`car_id`,`model_code`,`model_name`,`trim_id`,`engine_id`) VALUES (null,1,28180000,'/images/model/CN12-inspiration.png',1,'CNJS4LGT3','더 뉴 아반떼 LPG 1.6 Inspiration A/T',4,2)
INSERT INTO `CarModel` (`model_name`,`car_id`,`model_code`,`engine_id`,`drive_id`,`model_price`,`model_image_path`,`mission_id`,`trim_id`) VALUES ('투싼 디젤 Modern 2WD A/T',2,'NXJJ5DDT2',3,1,28190000,'/images/model/NX05-modern.png',2,2)
INSERT INTO `CarModel` (`model_image_path`,`engine_id`,`trim_id`,`drive_id`,`model_code`,`car_id`,`mission_id`,`model_name`,`model_price`) VALUES ('/images/model/NX05-premium.png',3,3,1,'NXJJ5DCT2',2,2,'투싼 디젤 Premium 2WD A/T',31100000)
INSERT INTO `CarModel` (`drive_id`,`mission_id`,`model_image_path`,`model_name`,`model_price`,`engine_id`,`trim_id`,`model_code`,`car_id`) VALUES (1,2,'/images/model/NX05-inspiration.png','투싼 디젤 Inspiration 2WD A/T',34780000,3,4,'NXJJ5DPT2',2)
INSERT INTO `CarModel` (`model_image_path`,`car_id`,`model_code`,`engine_id`,`trim_id`,`model_name`,`model_price`,`drive_id`,`mission_id`) VALUES ('/images/model/NX05-modern.png',2,'NXJJ5DDA2',3,2,'투싼 디젤 Modern 4WD A/T',30420000,2,2)
INSERT INTO `CarModel` (`trim_id`,`model_name`,`mission_id`,`drive_id`,`model_image_path`,`model_price`,`engine_id`,`car_id`,`model_code`) VALUES (3,'투싼 디젤 Premium 4WD A/T',2,2,'/images/model/NX05-premium.png',33330000,3,2,'NXJJ5DCA2')
INSERT INTO `CarModel` (`drive_id`,`trim_id`,`model_image_path`,`engine_id`,`model_code`,`model_name`,`car_id`,`model_price`,`mission_id`) VALUES (2,4,'/images/model/NX05-inspiration.png',3,'NXJJ5DPA2','투싼 디젤 Inspiration 4WD A/T',2,37010000,2)
INSERT INTO `CarModel` (`drive_id`,`model_name`,`car_id`,`model_image_path`,`trim_id`,`model_code`,`model_price`,`engine_id`,`mission_id`) VALUES (1,'투싼 1.6 가솔린 터보 Modern 2WD DCT',2,'/images/model/NX05-modern.png',2,'NXJJ5TDD2',26030000,4,3)
INSERT INTO `CarModel` (`model_code`,`trim_id`,`drive_id`,`model_image_path`,`model_price`,`car_id`,`model_name`,`engine_id`,`mission_id`) VALUES ('NXJJ5TCD2',3,1,'/images/model/NX05-premium.png',28940000,2,'투싼 1.6 가솔린 터보 Premium 2WD DCT',4,3)
INSERT INTO `CarModel` (`car_id`,`drive_id`,`engine_id`,`mission_id`,`model_code`,`model_price`,`trim_id`,`model_image_path`,`model_name`) VALUES (2,1,4,3,'NXJJ5TPD2',32620000,4,'/images/model/NX05-inspiration.png','투싼 1.6 가솔린 터보 Inspiration 2WD DCT')
INSERT INTO `CarModel` (`trim_id`,`drive_id`,`engine_id`,`model_code`,`car_id`,`model_price`,`model_name`,`mission_id`,`model_image_path`) VALUES (2,2,4,'NXJJ5TDH2',2,28010000,'투싼 1.6 가솔린 터보 Modern 4WD DCT',3,'/images/model/NX05-modern.png')
INSERT INTO `CarModel` (`engine_id`,`drive_id`,`model_code`,`trim_id`,`mission_id`,`car_id`,`model_image_path`,`model_name`,`model_price`) VALUES (4,2,'NXJJ5TCH2',3,3,2,'/images/model/NX05-premium.png','투싼 1.6 가솔린 터보 Premium 4WD DCT',30920000)
INSERT INTO `CarModel` (`car_id`,`drive_id`,`mission_id`,`trim_id`,`model_code`,`model_price`,`model_name`,`engine_id`,`model_image_path`) VALUES (2,2,3,4,'NXJJ5TPH2',34600000,'투싼 1.6 가솔린 터보 Inspiration 4WD DCT',4,'/images/model/NX05-inspiration.png')


INSERT INTO `IntColor` (`int_color_image_path`,`car_id`,`int_color_code`,`int_color_name`) VALUES ('/images/interior-color/NNB.png',1,'NNB','블랙모노톤')
INSERT INTO `IntColor` (`int_color_code`,`car_id`,`int_color_name`,`int_color_image_path`) VALUES ('SSS',1,'세이지그린','/images/interior-color/SSS.png')
INSERT INTO `IntColor` (`int_color_code`,`car_id`,`int_color_name`,`int_color_image_path`) VALUES ('VHC',1,'캐쉬미어 베이지','/images/interior-color/VHC.png')
INSERT INTO `IntColor` (`int_color_code`,`int_color_image_path`,`car_id`,`int_color_name`) VALUES ('I34','/images/interior-color/I34.png',2,'블랙모노톤')
INSERT INTO `IntColor` (`int_color_name`,`int_color_image_path`,`car_id`,`int_color_code`) VALUES ('블랙 모노톤(가죽 시트)','/images/interior-color/I35.png',2,'I35')
INSERT INTO `IntColor` (`int_color_image_path`,`int_color_code`,`int_color_name`,`car_id`) VALUES ('/images/interior-color/I36.png','I36','블랙/그레이 투톤(그레이 가죽시트)',2)
INSERT INTO `IntColor` (`int_color_code`,`int_color_image_path`,`int_color_name`,`car_id`) VALUES ('I37','/images/interior-color/I37.png','네이비 원톤(인디고 모노톤)',2)
INSERT INTO `IntColor` (`car_id`,`int_color_code`,`int_color_name`,`int_color_image_path`) VALUES (2,'I38','블랙모노톤(레드스티치)','/images/interior-color/I38.png')
INSERT INTO `IntColor` (`int_color_code`,`int_color_name`,`int_color_image_path`,`car_id`) VALUES ('PRF','블랙 / 브라운 투톤(브라운 가죽시트)','/images/interior-color/PRF.png',2)


INSERT INTO `ExtColor` (`ext_color_code`,`ext_color_name`,`car_id`,`ext_color_image_path`) VALUES ('A5G','아마존 그레이 메탈릭',1,'/images/exterior-color/A5G.png')
INSERT INTO `ExtColor` (`ext_color_code`,`car_id`,`ext_color_name`,`ext_color_image_path`) VALUES ('PE2',1,'에코트로닉 그레이펄','/images/exterior-color/PE2.png')
INSERT INTO `ExtColor` (`ext_color_image_path`,`car_id`,`ext_color_name`,`ext_color_code`) VALUES ('/images/exterior-color/M6T.png',1,'플루이드 그레이 메탈릭','M6T')
INSERT INTO `ExtColor` (`ext_color_code`,`ext_color_image_path`,`car_id`,`ext_color_name`) VALUES ('PM2','/images/exterior-color/PM2.png',1,'메타블루펄')
INSERT INTO `ExtColor` (`ext_color_name`,`ext_color_image_path`,`ext_color_code`,`car_id`) VALUES ('인텐스 블루 펄','/images/exterior-color/YP5.png','YP5',1)
INSERT INTO `ExtColor` (`car_id`,`ext_color_image_path`,`ext_color_code`,`ext_color_name`) VALUES (1,'/images/exterior-color/SAW.png','SAW','아틀라스 화이트')
INSERT INTO `ExtColor` (`ext_color_name`,`ext_color_image_path`,`car_id`,`ext_color_code`) VALUES ('어비스블랙펄','/images/exterior-color/A2B.png',1,'A2B')
INSERT INTO `ExtColor` (`ext_color_name`,`ext_color_image_path`,`ext_color_code`,`car_id`) VALUES ('사이버 그레이 메탈릭','/images/exterior-color/C5G.png','C5G',1)
INSERT INTO `ExtColor` (`ext_color_code`,`ext_color_image_path`,`car_id`,`ext_color_name`) VALUES ('R2P','/images/exterior-color/R2P.png',1,'얼티메이트 레드 메탈릭')
INSERT INTO `ExtColor` (`ext_color_image_path`,`car_id`,`ext_color_code`,`ext_color_name`) VALUES ('/images/exterior-color/B6S.png',2,'B6S','실키 브론즈 메탈릭')
INSERT INTO `ExtColor` (`car_id`,`ext_color_image_path`,`ext_color_code`,`ext_color_name`) VALUES (2,'/images/exterior-color/R2T.png','R2T','쉬머링 실버 메탈릭')
INSERT INTO `ExtColor` (`car_id`,`ext_color_code`,`ext_color_image_path`,`ext_color_name`) VALUES (2,'TW3','/images/exterior-color/TW3.png','크리미 화이트 펄')
INSERT INTO `ExtColor` (`ext_color_image_path`,`car_id`,`ext_color_name`,`ext_color_code`) VALUES ('/images/exterior-color/A5G.png',2,'아마존 그레이 메탈릭','A5G')
INSERT INTO `ExtColor` (`car_id`,`ext_color_image_path`,`ext_color_code`,`ext_color_name`) VALUES (2,'/images/exterior-color/R4G.png','R4G','티탄 그레이 메탈릭')
INSERT INTO `ExtColor` (`car_id`,`ext_color_name`,`ext_color_image_path`,`ext_color_code`) VALUES (2,'오션 인디고 펄','/images/exterior-color/PS8.png','PS8')
INSERT INTO `ExtColor` (`ext_color_image_path`,`ext_color_name`,`car_id`,`ext_color_code`) VALUES ('/images/exterior-color/TCM.png','팬텀 블랙 펄',2,'TCM')
INSERT INTO `ExtColor` (`ext_color_name`,`car_id`,`ext_color_code`,`ext_color_image_path`) VALUES ('티타늄 그레이 매트',2,'Y3G','/images/exterior-color/Y3G.png')


INSERT INTO `IntExtColor` (`int_color_id`,`ext_color_id`) VALUES (1,1)
INSERT INTO `IntExtColor` (`ext_color_id`,`int_color_id`) VALUES (2,1)
INSERT INTO `IntExtColor` (`ext_color_id`,`int_color_id`) VALUES (3,1)
INSERT INTO `IntExtColor` (`int_color_id`,`ext_color_id`) VALUES (1,4)
INSERT INTO `IntExtColor` (`int_color_id`,`ext_color_id`) VALUES (1,5)
INSERT INTO `IntExtColor` (`ext_color_id`,`int_color_id`) VALUES (6,1)
INSERT INTO `IntExtColor` (`int_color_id`,`ext_color_id`) VALUES (1,7)
INSERT INTO `IntExtColor` (`int_color_id`,`ext_color_id`) VALUES (1,8)
INSERT INTO `IntExtColor` (`int_color_id`,`ext_color_id`) VALUES (1,9)
INSERT INTO `IntExtColor` (`ext_color_id`,`int_color_id`) VALUES (1,2)
INSERT INTO `IntExtColor` (`int_color_id`,`ext_color_id`) VALUES (2,2)
INSERT INTO `IntExtColor` (`ext_color_id`,`int_color_id`) VALUES (3,2)
INSERT INTO `IntExtColor` (`int_color_id`,`ext_color_id`) VALUES (2,6)
INSERT INTO `IntExtColor` (`int_color_id`,`ext_color_id`) VALUES (2,7)
INSERT INTO `IntExtColor` (`ext_color_id`,`int_color_id`) VALUES (8,2)
INSERT INTO `IntExtColor` (`ext_color_id`,`int_color_id`) VALUES (1,3)
INSERT INTO `IntExtColor` (`int_color_id`,`ext_color_id`) VALUES (3,2)
INSERT INTO `IntExtColor` (`int_color_id`,`ext_color_id`) VALUES (3,3)
INSERT INTO `IntExtColor` (`ext_color_id`,`int_color_id`) VALUES (4,3)
INSERT INTO `IntExtColor` (`int_color_id`,`ext_color_id`) VALUES (3,5)
INSERT INTO `IntExtColor` (`int_color_id`,`ext_color_id`) VALUES (3,6)
INSERT INTO `IntExtColor` (`int_color_id`,`ext_color_id`) VALUES (3,7)
INSERT INTO `IntExtColor` (`int_color_id`,`ext_color_id`) VALUES (3,8)
INSERT INTO `IntExtColor` (`ext_color_id`,`int_color_id`) VALUES (10,4)
INSERT INTO `IntExtColor` (`int_color_id`,`ext_color_id`) VALUES (4,11)
INSERT INTO `IntExtColor` (`int_color_id`,`ext_color_id`) VALUES (4,12)
INSERT INTO `IntExtColor` (`int_color_id`,`ext_color_id`) VALUES (4,13)
INSERT INTO `IntExtColor` (`ext_color_id`,`int_color_id`) VALUES (14,4)
INSERT INTO `IntExtColor` (`ext_color_id`,`int_color_id`) VALUES (15,4)
INSERT INTO `IntExtColor` (`ext_color_id`,`int_color_id`) VALUES (16,4)
INSERT INTO `IntExtColor` (`int_color_id`,`ext_color_id`) VALUES (5,10)
INSERT INTO `IntExtColor` (`int_color_id`,`ext_color_id`) VALUES (5,11)
INSERT INTO `IntExtColor` (`ext_color_id`,`int_color_id`) VALUES (12,5)
INSERT INTO `IntExtColor` (`int_color_id`,`ext_color_id`) VALUES (5,13)
INSERT INTO `IntExtColor` (`int_color_id`,`ext_color_id`) VALUES (5,14)
INSERT INTO `IntExtColor` (`ext_color_id`,`int_color_id`) VALUES (15,5)
INSERT INTO `IntExtColor` (`int_color_id`,`ext_color_id`) VALUES (5,16)
INSERT INTO `IntExtColor` (`ext_color_id`,`int_color_id`) VALUES (10,6)
INSERT INTO `IntExtColor` (`int_color_id`,`ext_color_id`) VALUES (6,11)
INSERT INTO `IntExtColor` (`ext_color_id`,`int_color_id`) VALUES (12,6)
INSERT INTO `IntExtColor` (`ext_color_id`,`int_color_id`) VALUES (13,6)
INSERT INTO `IntExtColor` (`int_color_id`,`ext_color_id`) VALUES (6,14)
INSERT INTO `IntExtColor` (`ext_color_id`,`int_color_id`) VALUES (15,6)
INSERT INTO `IntExtColor` (`ext_color_id`,`int_color_id`) VALUES (16,6)
INSERT INTO `IntExtColor` (`int_color_id`,`ext_color_id`) VALUES (7,11)
INSERT INTO `IntExtColor` (`ext_color_id`,`int_color_id`) VALUES (12,7)
INSERT INTO `IntExtColor` (`ext_color_id`,`int_color_id`) VALUES (14,7)
INSERT INTO `IntExtColor` (`int_color_id`,`ext_color_id`) VALUES (7,15)
INSERT INTO `IntExtColor` (`ext_color_id`,`int_color_id`) VALUES (16,7)
INSERT INTO `IntExtColor` (`int_color_id`,`ext_color_id`) VALUES (9,10)
INSERT INTO `IntExtColor` (`int_color_id`,`ext_color_id`) VALUES (9,11)
INSERT INTO `IntExtColor` (`int_color_id`,`ext_color_id`) VALUES (9,12)
INSERT INTO `IntExtColor` (`ext_color_id`,`int_color_id`) VALUES (13,9)
INSERT INTO `IntExtColor` (`int_color_id`,`ext_color_id`) VALUES (9,14)
INSERT INTO `IntExtColor` (`int_color_id`,`ext_color_id`) VALUES (9,16)


INSERT INTO `TrimIntColor` (`int_color_id`,`trim_id`) VALUES (1,1)
INSERT INTO `TrimIntColor` (`int_color_id`,`trim_id`) VALUES (1,2)
INSERT INTO `TrimIntColor` (`trim_id`,`int_color_id`) VALUES (2,2)
INSERT INTO `TrimIntColor` (`trim_id`,`int_color_id`) VALUES (4,1)
INSERT INTO `TrimIntColor` (`trim_id`,`int_color_id`) VALUES (4,2)
INSERT INTO `TrimIntColor` (`trim_id`,`int_color_id`) VALUES (4,3)
INSERT INTO `TrimIntColor` (`int_color_id`,`trim_id`) VALUES (4,2)
INSERT INTO `TrimIntColor` (`int_color_id`,`trim_id`) VALUES (4,3)
INSERT INTO `TrimIntColor` (`trim_id`,`int_color_id`) VALUES (3,5)
INSERT INTO `TrimIntColor` (`trim_id`,`int_color_id`) VALUES (3,6)
INSERT INTO `TrimIntColor` (`int_color_id`,`trim_id`) VALUES (5,4)
INSERT INTO `TrimIntColor` (`int_color_id`,`trim_id`) VALUES (6,4)
INSERT INTO `TrimIntColor` (`int_color_id`,`trim_id`) VALUES (7,4)
INSERT INTO `TrimIntColor` (`trim_id`,`int_color_id`) VALUES (4,9)


INSERT INTO `OptionType` (`option_type_name`) VALUES ('detail')
INSERT INTO `OptionType` (`option_type_name`) VALUES ('tuix')
INSERT INTO `OptionType` (`option_type_name`) VALUES ('performance')


INSERT INTO `Option` (`option_price`,`option_code`,`option_name`,`option_type_id`,`option_image_path`) VALUES (690000,'CV1','컨비니언스 Ⅰ',1,'/images/option/CV1.png')
INSERT INTO `Option` (`option_code`,`option_type_id`,`option_price`,`option_name`,`option_image_path`) VALUES ('IFN',1,790000,'인포테인먼트 내비','/images/option/IFN.png')
INSERT INTO `Option` (`option_type_id`,`option_image_path`,`option_code`,`option_price`,`option_name`) VALUES (1,'/images/option/HER.png','HER',250000,'하이패스+ECM 룸미러')
INSERT INTO `Option` (`option_price`,`option_name`,`option_image_path`,`option_type_id`,`option_code`) VALUES (690000,'현대 스마트센스 Ⅲ','/images/option/HS3.png',1,'HS3')
INSERT INTO `Option` (`option_image_path`,`option_price`,`option_name`,`option_code`,`option_type_id`) VALUES ('/images/option/AT1.png',490000,'17인치 알로이 휠 & 타이어 Ⅰ','AT1',1)
INSERT INTO `Option` (`option_price`,`option_image_path`,`option_name`,`option_type_id`,`option_code`) VALUES (150000,'/images/option/SGI.png','세이지 그린 인테리어 컬러',1,'SGI')
INSERT INTO `Option` (`option_code`,`option_image_path`,`option_type_id`,`option_name`,`option_price`) VALUES ('SRF','/images/option/SRF.png',1,'선루프',450000)
INSERT INTO `Option` (`option_name`,`option_image_path`,`option_price`,`option_type_id`,`option_code`) VALUES ('파킹 어시스트 플러스','/images/option/PAP.png',1290000,1,'PAP')
INSERT INTO `Option` (`option_name`,`option_code`,`option_type_id`,`option_price`,`option_image_path`) VALUES ('현대 스마트센스 Ⅰ','HS1',1,940000,'/images/optionHS1.png')
INSERT INTO `Option` (`option_price`,`option_image_path`,`option_type_id`,`option_name`,`option_code`) VALUES (1140000,'/images/option/CM1.png',1,'컴포트 Ⅰ','CM1')
INSERT INTO `Option` (`option_price`,`option_code`,`option_image_path`,`option_name`,`option_type_id`) VALUES (990000,'CM2','/images/option/CM2.png','컴포트 Ⅱ',1)
INSERT INTO `Option` (`option_name`,`option_type_id`,`option_code`,`option_image_path`,`option_price`) VALUES ('익스테리어 디자인',1,'EXD','/images/option/EXD.png',450000)
INSERT INTO `Option` (`option_type_id`,`option_code`,`option_image_path`,`option_price`,`option_name`) VALUES (1,'AT2','/images/option/AT2.png',300000,'17인치 알로이 휠 & 타이어 Ⅱ')
INSERT INTO `Option` (`option_image_path`,`option_type_id`,`option_code`,`option_price`,`option_name`) VALUES ('/images/option/BIC.png',1,'BIC',690000,'빌트인 캠(보조배터리 포함)')
INSERT INTO `Option` (`option_type_id`,`option_name`,`option_image_path`,`option_price`,`option_code`) VALUES (1,'인테리어디자인 Ⅰ','/images/option/X.png',250000,'ID1')
INSERT INTO `Option` (`option_code`,`option_name`,`option_type_id`,`option_price`,`option_image_path`) VALUES ('MN1','멀티미디어 내비 Ⅰ',1,1290000,'/images/option/MN1.png')
INSERT INTO `Option` (`option_image_path`,`option_code`,`option_type_id`,`option_price`,`option_name`) VALUES ('/images/option/CON.png','CON',1,540000,'컨비니언스')
INSERT INTO `Option` (`option_type_id`,`option_code`,`option_price`,`option_image_path`,`option_name`) VALUES (1,'HSS',890000,'/images/option/HSS.png','현대 스마트센스')
INSERT INTO `Option` (`option_price`,`option_image_path`,`option_code`,`option_type_id`,`option_name`) VALUES (690000,'/images/option/EX1.png','EX1',1,'익스테리어 Ⅰ')
INSERT INTO `Option` (`option_type_id`,`option_image_path`,`option_code`,`option_name`,`option_price`) VALUES (1,'/images/option/E1P.png','E1P','익스테리어 Ⅰ 플러스',940000)
INSERT INTO `Option` (`option_name`,`option_code`,`option_price`,`option_type_id`,`option_image_path`) VALUES ('파노라마 선루프 + 루프랙 + LED 실내등(맵램프,룸램프)','PRL',1240000,1,'/images/option/PRL.png')
INSERT INTO `Option` (`option_image_path`,`option_type_id`,`option_price`,`option_code`,`option_name`) VALUES ('/images/option/HEC.png',1,250000,'HEC','하이패스+ ECM 룸미러')
INSERT INTO `Option` (`option_image_path`,`option_price`,`option_name`,`option_type_id`,`option_code`) VALUES ('/images/option/.png',590000,'인테리어디자인 Ⅱ',1,'ID2')
INSERT INTO `Option` (`option_image_path`,`option_price`,`option_type_id`,`option_code`,`option_name`) VALUES ('/images/option/PL1.png',2230000,1,'PL1','플래티넘 Ⅰ')
INSERT INTO `Option` (`option_name`,`option_code`,`option_type_id`,`option_image_path`,`option_price`) VALUES ('플래티넘 Ⅱ','PL2',1,'/images/option/PL2.png',2520000)
INSERT INTO `Option` (`option_code`,`option_price`,`option_image_path`,`option_name`,`option_type_id`) VALUES ('BIC2',640000,'/images/option/BIC2.png','빌트인 캠(보조배터리 포함)',1)
INSERT INTO `Option` (`option_name`,`option_price`,`option_image_path`,`option_type_id`,`option_code`) VALUES ('컴포트',1140000,'/images/option/COM.png',1,'COM')
INSERT INTO `Option` (`option_image_path`,`option_type_id`,`option_price`,`option_name`,`option_code`) VALUES ('/images/option/EX2.png',1,690000,'익스테리어 Ⅱ','EX2')
INSERT INTO `Option` (`option_name`,`option_type_id`,`option_code`,`option_price`,`option_image_path`) VALUES ('파노라마 선루프 + LED 실내등(맵램프,룸램프)',1,'PSL',1140000,'/images/option/PSL.png')
INSERT INTO `Option` (`option_name`,`option_code`,`option_type_id`,`option_image_path`,`option_price`) VALUES ('어드벤처패키지','AVP',1,'/images/option/X.png',790000)
INSERT INTO `Option` (`option_name`,`option_price`,`option_type_id`,`option_image_path`,`option_code`) VALUES ('파노라마 선루프',1090000,1,'/images/option/PSF.png','PSF')
INSERT INTO `Option` (`option_price`,`option_image_path`,`option_code`,`option_name`,`option_type_id`) VALUES (1480000,'/images/option/PL3.png','PL3','플래티넘 Ⅲ',1)
INSERT INTO `Option` (`option_price`,`option_type_id`,`option_name`,`option_image_path`,`option_code`) VALUES (1780000,1,'플래티넘 Ⅳ','/images/option/PL4.png','PL4')
INSERT INTO `Option` (`option_type_id`,`option_image_path`,`option_code`,`option_name`,`option_price`) VALUES (2,'/images/option/NX0002.png','NX0002','LED 라이팅 패키지 (선루프,
  인스퍼레이션 전용)',320000)
INSERT INTO `Option` (`option_code`,`option_name`,`option_type_id`,`option_image_path`,`option_price`) VALUES ('NX0004','러기지 패키지',2,'/images/option/NX0004.png',120000)
INSERT INTO `Option` (`option_image_path`,`option_price`,`option_code`,`option_name`,`option_type_id`) VALUES ('/images/option/NX0008.png',340000,'NX0008','사이드스텝',2)
INSERT INTO `Option` (`option_price`,`option_image_path`,`option_name`,`option_type_id`,`option_code`) VALUES (300000,'/images/option/NX0009.png','적외선 무릎 워머',2,'NX0009')
INSERT INTO `Option` (`option_name`,`option_image_path`,`option_price`,`option_type_id`,`option_code`) VALUES ('프로텍션 매트 패키지','/images/option/NX0005.png',230000,2,'NX0005')
INSERT INTO `Option` (`option_image_path`,`option_price`,`option_code`,`option_name`,`option_type_id`) VALUES ('/images/option/NX0003.png',400000,'NX0003','빌트인 공기 청정기',2)
INSERT INTO `Option` (`option_image_path`,`option_price`,`option_type_id`,`option_name`,`option_code`) VALUES ('/images/option/NX3855.png',340000,2,'어드벤처 전용 사이드 스텝','NX3855')
INSERT INTO `Option` (`option_code`,`option_type_id`,`option_name`,`option_price`,`option_image_path`) VALUES ('NX3857',3,'[N퍼포먼스파츠] 19인치 매트 블랙 경량휠',1140000,'/images/option/NX3857.png')
INSERT INTO `Option` (`option_price`,`option_code`,`option_type_id`,`option_name`,`option_image_path`) VALUES (2230000,'NX3858',3,'[N퍼포먼스파츠] 모노블록 브레이크+19인치 매트 블랙 경량휠 패키지','/images/option/NX3858.png')


INSERT INTO `CarModelOption` (`option_id`,`model_id`) VALUES (1,1)
INSERT INTO `CarModelOption` (`model_id`,`option_id`) VALUES (1,2)
INSERT INTO `CarModelOption` (`model_id`,`option_id`) VALUES (1,3)
INSERT INTO `CarModelOption` (`model_id`,`option_id`) VALUES (1,4)
INSERT INTO `CarModelOption` (`model_id`,`option_id`) VALUES (1,5)
INSERT INTO `CarModelOption` (`model_id`,`option_id`) VALUES (4,1)
INSERT INTO `CarModelOption` (`model_id`,`option_id`) VALUES (4,2)
INSERT INTO `CarModelOption` (`model_id`,`option_id`) VALUES (4,3)
INSERT INTO `CarModelOption` (`option_id`,`model_id`) VALUES (4,4)
INSERT INTO `CarModelOption` (`model_id`,`option_id`) VALUES (4,5)
INSERT INTO `CarModelOption` (`model_id`,`option_id`) VALUES (2,6)
INSERT INTO `CarModelOption` (`option_id`,`model_id`) VALUES (7,2)
INSERT INTO `CarModelOption` (`option_id`,`model_id`) VALUES (3,2)
INSERT INTO `CarModelOption` (`model_id`,`option_id`) VALUES (2,8)
INSERT INTO `CarModelOption` (`option_id`,`model_id`) VALUES (9,2)
INSERT INTO `CarModelOption` (`option_id`,`model_id`) VALUES (10,2)
INSERT INTO `CarModelOption` (`option_id`,`model_id`) VALUES (12,2)
INSERT INTO `CarModelOption` (`model_id`,`option_id`) VALUES (2,13)
INSERT INTO `CarModelOption` (`model_id`,`option_id`) VALUES (5,6)
INSERT INTO `CarModelOption` (`option_id`,`model_id`) VALUES (7,5)
INSERT INTO `CarModelOption` (`model_id`,`option_id`) VALUES (5,3)
INSERT INTO `CarModelOption` (`model_id`,`option_id`) VALUES (5,8)
INSERT INTO `CarModelOption` (`model_id`,`option_id`) VALUES (5,9)
INSERT INTO `CarModelOption` (`option_id`,`model_id`) VALUES (11,5)
INSERT INTO `CarModelOption` (`model_id`,`option_id`) VALUES (5,12)
INSERT INTO `CarModelOption` (`option_id`,`model_id`) VALUES (13,5)
INSERT INTO `CarModelOption` (`option_id`,`model_id`) VALUES (6,3)
INSERT INTO `CarModelOption` (`model_id`,`option_id`) VALUES (3,7)
INSERT INTO `CarModelOption` (`model_id`,`option_id`) VALUES (3,13)
INSERT INTO `CarModelOption` (`option_id`,`model_id`) VALUES (14,3)
INSERT INTO `CarModelOption` (`option_id`,`model_id`) VALUES (6,6)
INSERT INTO `CarModelOption` (`option_id`,`model_id`) VALUES (7,6)
INSERT INTO `CarModelOption` (`model_id`,`option_id`) VALUES (6,13)
INSERT INTO `CarModelOption` (`option_id`,`model_id`) VALUES (15,7)
INSERT INTO `CarModelOption` (`option_id`,`model_id`) VALUES (16,7)
INSERT INTO `CarModelOption` (`option_id`,`model_id`) VALUES (17,7)
INSERT INTO `CarModelOption` (`option_id`,`model_id`) VALUES (18,7)
INSERT INTO `CarModelOption` (`option_id`,`model_id`) VALUES (19,7)
INSERT INTO `CarModelOption` (`model_id`,`option_id`) VALUES (7,20)
INSERT INTO `CarModelOption` (`option_id`,`model_id`) VALUES (21,7)
INSERT INTO `CarModelOption` (`option_id`,`model_id`) VALUES (22,7)
INSERT INTO `CarModelOption` (`option_id`,`model_id`) VALUES (34,7)
INSERT INTO `CarModelOption` (`option_id`,`model_id`) VALUES (35,7)
INSERT INTO `CarModelOption` (`option_id`,`model_id`) VALUES (36,7)
INSERT INTO `CarModelOption` (`model_id`,`option_id`) VALUES (7,37)
INSERT INTO `CarModelOption` (`model_id`,`option_id`) VALUES (7,38)
INSERT INTO `CarModelOption` (`option_id`,`model_id`) VALUES (41,7)
INSERT INTO `CarModelOption` (`model_id`,`option_id`) VALUES (7,42)
INSERT INTO `CarModelOption` (`option_id`,`model_id`) VALUES (15,10)
INSERT INTO `CarModelOption` (`model_id`,`option_id`) VALUES (10,16)
INSERT INTO `CarModelOption` (`model_id`,`option_id`) VALUES (10,17)
INSERT INTO `CarModelOption` (`option_id`,`model_id`) VALUES (18,10)
INSERT INTO `CarModelOption` (`option_id`,`model_id`) VALUES (19,10)
INSERT INTO `CarModelOption` (`model_id`,`option_id`) VALUES (10,20)
INSERT INTO `CarModelOption` (`model_id`,`option_id`) VALUES (10,21)
INSERT INTO `CarModelOption` (`option_id`,`model_id`) VALUES (22,10)
INSERT INTO `CarModelOption` (`option_id`,`model_id`) VALUES (34,10)
INSERT INTO `CarModelOption` (`option_id`,`model_id`) VALUES (35,10)
INSERT INTO `CarModelOption` (`option_id`,`model_id`) VALUES (36,10)
INSERT INTO `CarModelOption` (`model_id`,`option_id`) VALUES (10,37)
INSERT INTO `CarModelOption` (`option_id`,`model_id`) VALUES (38,10)
INSERT INTO `CarModelOption` (`option_id`,`model_id`) VALUES (41,10)
INSERT INTO `CarModelOption` (`model_id`,`option_id`) VALUES (10,42)
INSERT INTO `CarModelOption` (`option_id`,`model_id`) VALUES (15,13)
INSERT INTO `CarModelOption` (`model_id`,`option_id`) VALUES (13,16)
INSERT INTO `CarModelOption` (`model_id`,`option_id`) VALUES (13,17)
INSERT INTO `CarModelOption` (`model_id`,`option_id`) VALUES (13,18)
INSERT INTO `CarModelOption` (`option_id`,`model_id`) VALUES (19,13)
INSERT INTO `CarModelOption` (`option_id`,`model_id`) VALUES (20,13)
INSERT INTO `CarModelOption` (`option_id`,`model_id`) VALUES (21,13)
INSERT INTO `CarModelOption` (`model_id`,`option_id`) VALUES (13,22)
INSERT INTO `CarModelOption` (`option_id`,`model_id`) VALUES (34,13)
INSERT INTO `CarModelOption` (`model_id`,`option_id`) VALUES (13,35)
INSERT INTO `CarModelOption` (`model_id`,`option_id`) VALUES (13,36)
INSERT INTO `CarModelOption` (`option_id`,`model_id`) VALUES (37,13)
INSERT INTO `CarModelOption` (`model_id`,`option_id`) VALUES (13,38)
INSERT INTO `CarModelOption` (`model_id`,`option_id`) VALUES (13,41)
INSERT INTO `CarModelOption` (`model_id`,`option_id`) VALUES (13,42)
INSERT INTO `CarModelOption` (`model_id`,`option_id`) VALUES (16,15)
INSERT INTO `CarModelOption` (`model_id`,`option_id`) VALUES (16,16)
INSERT INTO `CarModelOption` (`option_id`,`model_id`) VALUES (17,16)
INSERT INTO `CarModelOption` (`option_id`,`model_id`) VALUES (18,16)
INSERT INTO `CarModelOption` (`model_id`,`option_id`) VALUES (16,19)
INSERT INTO `CarModelOption` (`model_id`,`option_id`) VALUES (16,20)
INSERT INTO `CarModelOption` (`option_id`,`model_id`) VALUES (21,16)
INSERT INTO `CarModelOption` (`model_id`,`option_id`) VALUES (16,22)
INSERT INTO `CarModelOption` (`model_id`,`option_id`) VALUES (16,34)
INSERT INTO `CarModelOption` (`model_id`,`option_id`) VALUES (16,35)
INSERT INTO `CarModelOption` (`option_id`,`model_id`) VALUES (36,16)
INSERT INTO `CarModelOption` (`option_id`,`model_id`) VALUES (37,16)
INSERT INTO `CarModelOption` (`model_id`,`option_id`) VALUES (16,38)
INSERT INTO `CarModelOption` (`option_id`,`model_id`) VALUES (41,16)
INSERT INTO `CarModelOption` (`model_id`,`option_id`) VALUES (16,42)
INSERT INTO `CarModelOption` (`model_id`,`option_id`) VALUES (8,23)
INSERT INTO `CarModelOption` (`model_id`,`option_id`) VALUES (8,25)
INSERT INTO `CarModelOption` (`model_id`,`option_id`) VALUES (8,18)
INSERT INTO `CarModelOption` (`model_id`,`option_id`) VALUES (8,26)
INSERT INTO `CarModelOption` (`model_id`,`option_id`) VALUES (8,27)
INSERT INTO `CarModelOption` (`option_id`,`model_id`) VALUES (28,8)
INSERT INTO `CarModelOption` (`option_id`,`model_id`) VALUES (29,8)
INSERT INTO `CarModelOption` (`model_id`,`option_id`) VALUES (8,34)
INSERT INTO `CarModelOption` (`option_id`,`model_id`) VALUES (35,8)
INSERT INTO `CarModelOption` (`option_id`,`model_id`) VALUES (36,8)
INSERT INTO `CarModelOption` (`model_id`,`option_id`) VALUES (8,37)
INSERT INTO `CarModelOption` (`option_id`,`model_id`) VALUES (38,8)
INSERT INTO `CarModelOption` (`option_id`,`model_id`) VALUES (39,8)
INSERT INTO `CarModelOption` (`option_id`,`model_id`) VALUES (41,8)
INSERT INTO `CarModelOption` (`model_id`,`option_id`) VALUES (8,42)
INSERT INTO `CarModelOption` (`model_id`,`option_id`) VALUES (11,23)
INSERT INTO `CarModelOption` (`model_id`,`option_id`) VALUES (11,25)
INSERT INTO `CarModelOption` (`model_id`,`option_id`) VALUES (11,18)
INSERT INTO `CarModelOption` (`option_id`,`model_id`) VALUES (26,11)
INSERT INTO `CarModelOption` (`option_id`,`model_id`) VALUES (27,11)
INSERT INTO `CarModelOption` (`model_id`,`option_id`) VALUES (11,28)
INSERT INTO `CarModelOption` (`option_id`,`model_id`) VALUES (29,11)
INSERT INTO `CarModelOption` (`option_id`,`model_id`) VALUES (34,11)
INSERT INTO `CarModelOption` (`option_id`,`model_id`) VALUES (35,11)
INSERT INTO `CarModelOption` (`model_id`,`option_id`) VALUES (11,36)
INSERT INTO `CarModelOption` (`model_id`,`option_id`) VALUES (11,37)
INSERT INTO `CarModelOption` (`option_id`,`model_id`) VALUES (38,11)
INSERT INTO `CarModelOption` (`model_id`,`option_id`) VALUES (11,39)
INSERT INTO `CarModelOption` (`option_id`,`model_id`) VALUES (41,11)
INSERT INTO `CarModelOption` (`model_id`,`option_id`) VALUES (11,42)
INSERT INTO `CarModelOption` (`option_id`,`model_id`) VALUES (23,14)
INSERT INTO `CarModelOption` (`option_id`,`model_id`) VALUES (24,14)
INSERT INTO `CarModelOption` (`model_id`,`option_id`) VALUES (14,18)
INSERT INTO `CarModelOption` (`option_id`,`model_id`) VALUES (26,14)
INSERT INTO `CarModelOption` (`option_id`,`model_id`) VALUES (27,14)
INSERT INTO `CarModelOption` (`option_id`,`model_id`) VALUES (28,14)
INSERT INTO `CarModelOption` (`option_id`,`model_id`) VALUES (29,14)
INSERT INTO `CarModelOption` (`model_id`,`option_id`) VALUES (14,34)
INSERT INTO `CarModelOption` (`option_id`,`model_id`) VALUES (35,14)
INSERT INTO `CarModelOption` (`option_id`,`model_id`) VALUES (36,14)
INSERT INTO `CarModelOption` (`option_id`,`model_id`) VALUES (37,14)
INSERT INTO `CarModelOption` (`option_id`,`model_id`) VALUES (38,14)
INSERT INTO `CarModelOption` (`option_id`,`model_id`) VALUES (39,14)
INSERT INTO `CarModelOption` (`model_id`,`option_id`) VALUES (14,41)
INSERT INTO `CarModelOption` (`option_id`,`model_id`) VALUES (42,14)
INSERT INTO `CarModelOption` (`model_id`,`option_id`) VALUES (17,23)
INSERT INTO `CarModelOption` (`model_id`,`option_id`) VALUES (17,24)
INSERT INTO `CarModelOption` (`model_id`,`option_id`) VALUES (17,18)
INSERT INTO `CarModelOption` (`option_id`,`model_id`) VALUES (26,17)
INSERT INTO `CarModelOption` (`option_id`,`model_id`) VALUES (27,17)
INSERT INTO `CarModelOption` (`model_id`,`option_id`) VALUES (17,28)
INSERT INTO `CarModelOption` (`model_id`,`option_id`) VALUES (17,29)
INSERT INTO `CarModelOption` (`option_id`,`model_id`) VALUES (34,17)
INSERT INTO `CarModelOption` (`option_id`,`model_id`) VALUES (35,17)
INSERT INTO `CarModelOption` (`model_id`,`option_id`) VALUES (17,36)
INSERT INTO `CarModelOption` (`model_id`,`option_id`) VALUES (17,37)
INSERT INTO `CarModelOption` (`model_id`,`option_id`) VALUES (17,38)
INSERT INTO `CarModelOption` (`model_id`,`option_id`) VALUES (17,39)
INSERT INTO `CarModelOption` (`option_id`,`model_id`) VALUES (41,17)
INSERT INTO `CarModelOption` (`option_id`,`model_id`) VALUES (42,17)
INSERT INTO `CarModelOption` (`option_id`,`model_id`) VALUES (30,9)
INSERT INTO `CarModelOption` (`option_id`,`model_id`) VALUES (31,9)
INSERT INTO `CarModelOption` (`option_id`,`model_id`) VALUES (26,9)
INSERT INTO `CarModelOption` (`option_id`,`model_id`) VALUES (33,9)
INSERT INTO `CarModelOption` (`option_id`,`model_id`) VALUES (34,9)
INSERT INTO `CarModelOption` (`option_id`,`model_id`) VALUES (35,9)
INSERT INTO `CarModelOption` (`model_id`,`option_id`) VALUES (9,36)
INSERT INTO `CarModelOption` (`option_id`,`model_id`) VALUES (37,9)
INSERT INTO `CarModelOption` (`option_id`,`model_id`) VALUES (38,9)
INSERT INTO `CarModelOption` (`model_id`,`option_id`) VALUES (9,39)
INSERT INTO `CarModelOption` (`option_id`,`model_id`) VALUES (40,9)
INSERT INTO `CarModelOption` (`model_id`,`option_id`) VALUES (9,41)
INSERT INTO `CarModelOption` (`option_id`,`model_id`) VALUES (42,9)
INSERT INTO `CarModelOption` (`option_id`,`model_id`) VALUES (30,12)
INSERT INTO `CarModelOption` (`model_id`,`option_id`) VALUES (12,31)
INSERT INTO `CarModelOption` (`model_id`,`option_id`) VALUES (12,26)
INSERT INTO `CarModelOption` (`option_id`,`model_id`) VALUES (33,12)
INSERT INTO `CarModelOption` (`option_id`,`model_id`) VALUES (34,12)
INSERT INTO `CarModelOption` (`option_id`,`model_id`) VALUES (35,12)
INSERT INTO `CarModelOption` (`model_id`,`option_id`) VALUES (12,36)
INSERT INTO `CarModelOption` (`model_id`,`option_id`) VALUES (12,37)
INSERT INTO `CarModelOption` (`model_id`,`option_id`) VALUES (12,38)
INSERT INTO `CarModelOption` (`model_id`,`option_id`) VALUES (12,39)
INSERT INTO `CarModelOption` (`option_id`,`model_id`) VALUES (40,12)
INSERT INTO `CarModelOption` (`option_id`,`model_id`) VALUES (41,12)
INSERT INTO `CarModelOption` (`option_id`,`model_id`) VALUES (42,12)
INSERT INTO `CarModelOption` (`option_id`,`model_id`) VALUES (30,15)
INSERT INTO `CarModelOption` (`model_id`,`option_id`) VALUES (15,31)
INSERT INTO `CarModelOption` (`model_id`,`option_id`) VALUES (15,26)
INSERT INTO `CarModelOption` (`option_id`,`model_id`) VALUES (32,15)
INSERT INTO `CarModelOption` (`model_id`,`option_id`) VALUES (15,34)
INSERT INTO `CarModelOption` (`model_id`,`option_id`) VALUES (15,35)
INSERT INTO `CarModelOption` (`option_id`,`model_id`) VALUES (36,15)
INSERT INTO `CarModelOption` (`model_id`,`option_id`) VALUES (15,37)
INSERT INTO `CarModelOption` (`option_id`,`model_id`) VALUES (38,15)
INSERT INTO `CarModelOption` (`model_id`,`option_id`) VALUES (15,39)
INSERT INTO `CarModelOption` (`model_id`,`option_id`) VALUES (15,40)
INSERT INTO `CarModelOption` (`model_id`,`option_id`) VALUES (15,41)
INSERT INTO `CarModelOption` (`option_id`,`model_id`) VALUES (42,15)
INSERT INTO `CarModelOption` (`option_id`,`model_id`) VALUES (30,18)
INSERT INTO `CarModelOption` (`option_id`,`model_id`) VALUES (31,18)
INSERT INTO `CarModelOption` (`model_id`,`option_id`) VALUES (18,26)
INSERT INTO `CarModelOption` (`model_id`,`option_id`) VALUES (18,32)
INSERT INTO `CarModelOption` (`model_id`,`option_id`) VALUES (18,34)
INSERT INTO `CarModelOption` (`option_id`,`model_id`) VALUES (35,18)
INSERT INTO `CarModelOption` (`model_id`,`option_id`) VALUES (18,36)
INSERT INTO `CarModelOption` (`model_id`,`option_id`) VALUES (18,37)
INSERT INTO `CarModelOption` (`option_id`,`model_id`) VALUES (38,18)
INSERT INTO `CarModelOption` (`option_id`,`model_id`) VALUES (39,18)
INSERT INTO `CarModelOption` (`option_id`,`model_id`) VALUES (40,18)
INSERT INTO `CarModelOption` (`model_id`,`option_id`) VALUES (18,41)
INSERT INTO `CarModelOption` (`option_id`,`model_id`) VALUES (42,18)


INSERT INTO `IntColorOption` (`int_color_id`,`option_id`) VALUES (2,6)
INSERT INTO `IntColorOption` (`option_id`,`int_color_id`) VALUES (23,5)
INSERT INTO `IntColorOption` (`option_id`,`int_color_id`) VALUES (23,6)




INSERT INTO `ActivateOption` (`option_id`,`activate_option_id`,`trim_id`) VALUES (1,2,1)
INSERT INTO `ActivateOption` (`activate_option_id`,`trim_id`,`option_id`) VALUES (40,4,30)
INSERT INTO `ActivateOption` (`option_id`,`activate_option_id`,`trim_id`) VALUES (21,34,2)
INSERT INTO `ActivateOption` (`option_id`,`trim_id`,`activate_option_id`) VALUES (29,3,34)
INSERT INTO `ActivateOption` (`activate_option_id`,`option_id`,`trim_id`) VALUES (34,31,4)
INSERT INTO `ActivateOption` (`option_id`,`activate_option_id`,`trim_id`) VALUES (20,41,2)
INSERT INTO `ActivateOption` (`activate_option_id`,`trim_id`,`option_id`) VALUES (42,2,20)
INSERT INTO `ActivateOption` (`option_id`,`activate_option_id`,`trim_id`) VALUES (28,41,3)
INSERT INTO `ActivateOption` (`option_id`,`trim_id`,`activate_option_id`) VALUES (28,3,42)


INSERT INTO `DeactivateOption` (`option_id`,`deactivate_option_id`) VALUES (16,22)
INSERT INTO `DeactivateOption` (`deactivate_option_id`,`option_id`) VALUES (16,22)
INSERT INTO `DeactivateOption` (`deactivate_option_id`,`option_id`) VALUES (20,19)
INSERT INTO `DeactivateOption` (`option_id`,`deactivate_option_id`) VALUES (20,20)
INSERT INTO `DeactivateOption` (`deactivate_option_id`,`option_id`) VALUES (42,41)
INSERT INTO `DeactivateOption` (`deactivate_option_id`,`option_id`) VALUES (41,42)


INSERT INTO `DeleteOption` (`delete_option_id`,`option_id`) VALUES (36,30)
INSERT INTO `DeleteOption` (`delete_option_id`,`option_id`) VALUES (41,30)
INSERT INTO `DeleteOption` (`delete_option_id`,`option_id`) VALUES (42,30)
